"","iso3c","discmonqalys_pp_gdppc_low","discmonqalys_pp_gdppc_med","discmonqalys_pp_gdppc_high"
"1","AFG",1.37873659606987,1.48506253218619,1.56639646636757
"2","AGO",2.76344766995094,2.96454078459147,3.23909775668122
"3","ALB",5.23570672322868,6.37116277640742,7.07368290489258
"4","ARE",2.24652128282557,2.48046927911314,2.88947695123897
"5","ARG",2.92229841731486,3.40909632725654,3.99597699363625
"6","ARM",5.1175756133011,5.80686019970207,6.28288986938951
"7","ATG",5.99781307247043,6.94950920507033,10.7480843550111
"8","AUS",5.40307921624415,6.74846021155287,10.644052987771
"9","AUT",6.75970169802103,7.16627991710907,7.79545940112776
"10","AZE",5.8897799714208,6.54581961430189,6.87463259517856
"11","BDI",0.0101647089707413,0.0338814095605511,0.0595369464813976
"12","BEL",11.69488195649,17.9432472301254,23.9391014232075
"13","BEN",0.820921995638195,0.972388920787233,1.14295626141522
"14","BFA",1.3995270965994,1.58600181329396,1.98382272986185
"15","BGD",1.83285951540023,2.13673296493529,2.64606485004228
"16","BGR",9.47536994702228,11.2949275336044,12.3215247451419
"17","BHR",2.98217699181126,3.34676181886007,4.05306416636734
"18","BHS",6.60977792185105,7.77277175411435,8.5442573755381
"19","BIH",6.74311760261403,8.05091926665238,9.17981406815666
"20","BLR",5.34624263043243,6.19637817250128,7.5008396558188
"21","BLZ",2.7055118952973,3.364550287131,3.69262911528043
"22","BOL",1.79948188644329,2.06457948939883,2.25859951789911
"23","BRA",5.48071930725811,6.22770613479622,6.64865343568719
"24","BRB",3.70661274044855,5.43902004005587,7.31866002502941
"25","BRN",4.42723334524366,5.15101114999262,6.59565575849217
"26","BTN",2.75594033233967,2.95988509082005,3.17338861083172
"27","BWA",1.72798594237437,2.2404572232462,2.62019609687723
"28","CAF",0.883076830721775,1.06893934117737,1.23172920191495
"29","CAN",9.90888831298368,10.8557269194782,15.6895998932054
"30","CHE",5.75916594738406,7.27872500754102,10.7911120675399
"31","CHL",8.21261489775335,8.75165491994339,9.87892585935677
"32","CIV",3.5943974847598,4.05900210912732,4.40586922525704
"33","CMR",3.99756087327413,4.81095838706023,5.5454079195657
"34","COD",1.99718995289916,2.29454878534358,2.6275804729743
"35","COG",7.00752727159879,7.86449011642371,8.8367403397899
"36","COL",3.04558776368015,3.65067230974082,4.50592829869136
"37","COM",2.23124621822681,2.60894065589635,2.93249672058766
"38","CPV",2.50342229835771,2.86215737798884,3.10579509946866
"39","CRI",5.07724147540836,5.86740634429556,6.46173465578861
"40","CUB",NA,NA,NA
"41","CYP",8.1264594603407,10.4168481036227,12.6330014760043
"42","CZE",7.48795634977927,8.98192621857835,10.2048435543663
"43","DEU",11.1112442660225,11.9634644544221,13.0536694049956
"44","DJI",2.77061998282301,3.35366807049911,3.79731240119947
"45","DNK",7.65268177212004,8.36858439898659,9.24588663882791
"46","DOM",2.01665980012646,2.52090521883643,3.13895919079461
"47","DZA",1.4362511256583,1.80310814704259,2.36806136022135
"48","ECU",2.65209547456297,3.21183171342102,4.10723866722251
"49","EGY",2.39864610234815,2.79910902061706,3.16872557200362
"50","ERI",NA,NA,NA
"51","ESP",10.5264520134886,11.6898143612224,13.4424180067707
"52","EST",9.29758247741543,10.6093310823452,11.6529890117623
"53","ETH",5.06034903078901,6.12650209127061,6.85242494396612
"54","FIN",8.8322686220444,9.48875911001985,10.2190478584011
"55","FJI",4.43774642364511,5.10079659987325,5.94590612161658
"56","FRA",10.3567916153223,12.3445669676416,16.112757879543
"57","FSM",NA,NA,NA
"58","GAB",4.35099259143488,5.09579681302524,5.6695154904418
"59","GBR",7.91281960585074,10.6134510301898,16.5852873156675
"60","GEO",8.65374867952742,9.32102098002562,10.765225173238
"61","GHA",3.69915374042527,4.12131373052305,4.56405564277593
"62","GIN",2.22950874094348,2.56321255814458,2.97441141158134
"63","GMB",1.42212564616509,1.58567653533692,1.75596190070593
"64","GNB",9.99930665077682,11.8064744391513,14.0912269466653
"65","GNQ",2.28700523063736,4.43455121883516,5.36699474400207
"66","GRC",11.4168447385486,12.4205203241775,13.2851976410645
"67","GRD",0.647464758194611,0.897207886716518,3.96402559599176
"68","GTM",5.85717338153601,6.64206274187667,7.85210385243196
"69","GUY",5.89206360026833,6.62701179673592,7.11098118636596
"70","HND",1.4312559996185,1.83984693248566,2.04031532208865
"71","HRV",10.0879008432896,11.764304224487,12.9134143246791
"72","HTI",0.931324459841042,1.14005800236622,1.37718631831549
"73","HUN",6.20579602841626,7.40925945840568,9.87715683785966
"74","IDN",2.50776147866625,3.0113580786255,3.45458530916655
"75","IND",3.37020713875906,3.80745794327424,3.98041631175068
"76","IRL",9.10831536679138,9.67972313528709,10.0696173781066
"77","IRN",1.75293609237027,2.00306787070597,2.41936019584939
"78","IRQ",1.78887449209197,2.27467848603283,2.80622148302563
"79","ISL",8.66227126972173,13.5373099683709,17.0239724917174
"80","ISR",6.00642574762089,6.65764022836287,7.31963073211842
"81","ITA",9.8120519732403,10.7785543684289,11.778713677691
"82","JAM",2.98626841114268,3.67464461906582,4.2856756079214
"83","JOR",4.59035054035359,5.11894755837774,5.51416355663823
"84","JPN",2.64077294242363,3.31441972846804,4.03841517911984
"85","KAZ",4.49010903193952,4.94909523400361,5.50725758052343
"86","KEN",3.04691199939108,3.49030938559017,3.83272554642647
"87","KGZ",1.29205481351192,1.78309852461514,2.43228607315581
"88","KHM",2.79360290443906,2.94631984777553,3.12518583514236
"89","KOR",9.26566967984227,10.6296443315231,12.0996180701759
"90","KWT",3.60420255439557,4.04558518128956,4.6435338255144
"91","LAO",2.81820944052343,2.98003133696896,3.16273662833631
"92","LBN",6.70058661279756,7.89043009698414,8.99052892004382
"93","LBR",0.685685960689984,0.781378161729556,0.885710069204594
"94","LBY",6.78505001194162,7.8266441492355,8.95060877018688
"95","LCA",5.85247713206774,6.50027550233668,7.44019296734618
"96","LKA",3.20428569353171,3.41578698105081,3.79062782040756
"97","LSO",0.789826896298134,0.918588777497441,1.05160087390063
"98","LTU",9.89949610847063,10.8912038271687,11.2821898770113
"99","LUX",7.75420897283468,9.11866839789807,12.2252313468604
"100","LVA",7.79588934333571,9.11167539462971,9.75150743379244
"101","MAR",2.42281491647105,2.78728994213016,3.20499405663469
"102","MDA",9.27835566132123,10.607986454637,11.4689979287073
"103","MDG",1.66289896662453,2.11328866586849,2.43249704365165
"104","MDV",4.92808135723064,5.44647858934918,6.3496589716392
"105","MEX",3.65596969582863,4.34213793245836,4.87222294268991
"106","MKD",6.63717467178983,7.91175394174451,9.13840858290763
"107","MLI",2.03510497125542,2.85376138569161,3.45810729964431
"108","MLT",8.32332003925502,9.46527810570978,11.0552715614748
"109","MMR",2.02900243218833,2.41846228532043,2.89069437558923
"110","MNE",5.80707864521565,6.84468264883594,8.32489620469017
"111","MNG",2.42691565581112,2.5997410918863,2.81638918471715
"112","MOZ",0.652787850792117,0.822628899781643,1.03996256326245
"113","MRT",2.43562930298579,3.19265977278335,3.7996029180204
"114","MUS",4.37956258839538,4.92060087917449,5.43655029599286
"115","MWI",3.7555267839314,4.02232182744726,4.22452768004872
"116","MYS",4.58388960915122,5.1753341638567,6.1808765150315
"117","NAM",2.23313506727573,2.98603709320305,3.50918158165787
"118","NER",3.68418425626921,4.6319029380302,6.73738667683863
"119","NGA",7.65985315923488,8.35092598330336,8.82209769620877
"120","NIC",0.566593379496911,0.685117406007061,0.802648243386372
"121","NLD",7.69210466755615,8.57727609373853,9.78356999053566
"122","NOR",8.71263126534939,9.6594491600509,10.4077406110786
"123","NPL",2.05305300585648,2.32455902823975,3.04201281311026
"124","NZL",6.86526331048906,9.85301279361951,12.4229789355522
"125","OMN",1.39450659065657,1.89722174218537,3.58620778955055
"126","PAK",1.83499233228656,2.10769320992073,2.557247100999
"127","PAN",3.85255865247337,4.81123941958425,5.96250184482729
"128","PER",1.5708711752472,2.19240959053559,2.94976327975789
"129","PHL",2.90506135336377,3.46366253216592,4.24191481481346
"130","PNG",1.99427428074756,2.55204039510587,3.19923951894742
"131","POL",7.00911841696302,7.72729273257809,8.29640754908447
"132","PRK",NA,NA,NA
"133","PRT",12.2369300133098,13.0739588489893,17.3955139921287
"134","PRY",1.20866483447153,1.48875581370479,1.65498347370001
"135","QAT",3.7614685546707,5.11375041074503,6.52301063491505
"136","ROU",6.34244006683404,7.481004480401,8.41714746739741
"137","RUS",8.06189559096027,8.65414367551866,9.28451055416125
"138","RWA",1.08913735081165,1.25369127433291,1.43563072880814
"139","SAU",5.02845786379248,5.61637314993984,6.3478703790917
"140","SDN",1.6534674026024,2.23414682896035,2.84827004372769
"141","SEN",3.47382940291332,3.97695550312072,4.43555606308347
"142","SGP",19.9656187969733,23.8806519095737,24.9136972532395
"143","SLB",NA,NA,NA
"144","SLE",2.18329559791175,3.20347326839322,3.88776527255953
"145","SLV",2.2876928673096,2.67788714928487,2.843562116096
"146","SOM",1.0669100000251,1.21824456401172,1.37681463176512
"147","SRB",8.63354760749965,10.185682742412,11.8538353523074
"148","SSD",NA,NA,NA
"149","STP",3.27796381595183,3.90477627294525,5.43296685941023
"150","SUR",5.63846594162357,6.46206093425615,6.85289010789877
"151","SVK",7.44924787589246,8.78316865444002,9.46779011816059
"152","SVN",7.98802940199107,8.90238846847769,9.96522393929038
"153","SWE",4.89614882580489,5.52228175335293,6.33482892107347
"154","SWZ",1.26911663541847,1.52743516551187,1.78280093887788
"155","SYC",4.70516684143709,6.02250954695882,7.93508399838491
"156","SYR",1.30790123513237,1.67274894039554,2.09376504548171
"157","TCD",1.97112912180386,2.70409330440883,3.31204327810423
"158","TGO",1.84516888201225,1.99314109887732,2.17679135361303
"159","THA",5.96056489682769,7.33413261865239,8.54911978967223
"160","TJK",1.10449810190745,1.56748768098679,1.98455823291308
"161","TKM",NA,NA,NA
"162","TLS",2.70467560149257,2.96016566440894,3.10966212947112
"163","TTO",6.4292030167445,7.61689986131887,9.25845804017266
"164","TUN",2.26778930204178,2.61993068862086,2.9415211407402
"165","TUR",4.91165582249974,5.71831282904449,6.30212679202972
"166","TZA",1.85283441269225,2.50700193480454,2.99516063961136
"167","UGA",4.47698435888196,5.10811652441163,5.53329284761075
"168","UKR",3.61254139170051,4.28016701904098,4.882682775242
"169","URY",10.5723922841523,14.2571867292691,17.5159153496307
"170","USA",8.06869848336972,8.82677663050761,9.61075433550112
"171","UZB",1.54485809170491,2.13910923730136,2.64956808350124
"172","VCT",3.50099723982308,4.82066336305104,8.7028959043574
"173","VEN",NA,NA,NA
"174","VNM",3.5282085125732,4.27778802778722,5.21545893567876
"175","VUT",0.00496366926841501,0.0425541855712731,1.90945169585259
"176","YEM",NA,NA,NA
"177","ZAF",3.70057798148276,4.55314637144964,5.4579434747248
"178","ZMB",2.45383492221761,2.86714275011896,3.17982139220141
"179","ZWE",1.5610502133652,1.78982414534902,2.02222038323384
