"","iso3c","averted_deaths_undiscmonqalys_low","averted_deaths_undiscmonqalys_med","averted_deaths_undiscmonqalys_high"
"1","AFG",21397122.0385889,23036273.7702866,24287777.0404072
"2","AGO",236160451.159706,254058773.542356,277315435.256786
"3","ALB",424553661.506948,517504464.78548,574431765.681381
"4","ARE",11967140379.7399,13240551149.9671,15601382729.6207
"5","ARG",12580355231.7195,14649763956.1045,17186853852.4967
"6","ARM",165990338.82198,188495182.100227,204357214.796704
"7","ATG",76349363.0247679,88741574.3111421,141066279.173511
"8","AUS",89057476535.316,112439863821.209,180066801490.48
"9","AUT",27728893248.1154,29548476254.1586,32229372082.7051
"10","AZE",1917641560.76319,2130052733.04717,2241342410.8946
"11","BDI",28.7458351974739,119.732436742373,202.994128109767
"12","BEL",71465841024.5923,112496219777.756,150439706586.727
"13","BEN",12717783.6329664,15066181.5635962,17601797.9100991
"14","BFA",5426329.13442504,6115294.8917991,7581548.88656192
"15","BGD",2428703652.10871,2837062765.89041,3523599058.51944
"16","BGR",2551720334.90128,3030914970.01739,3299323179.41508
"17","BHR",1092422750.18855,1230678539.93039,1489719088.53809
"18","BHS",366126963.340921,431867883.205229,475098471.083397
"19","BIH",480953180.782436,571952012.80407,648454875.01403
"20","BLR",1470864947.04635,1705328303.80317,2063852665.89531
"21","BLZ",44441134.9088352,55328375.3689626,61282624.1602873
"22","BOL",346138225.110445,396948709.837889,432585830.708862
"23","BRA",79619507527.8483,90454540699.5911,96483273118.0717
"24","BRB",110963438.071312,164709339.108,226603685.24593
"25","BRN",698726849.267749,827090086.246614,1064114778.16405
"26","BTN",75102217.2461255,80859333.5626232,87395391.9076437
"27","BWA",121459530.206061,158293927.699351,185678960.419489
"28","CAF",1914491.18294593,2313657.85374535,2647228.37737984
"29","CAN",211122432212.807,231711946818.128,341951042895.738
"30","CHE",43381276821.4474,55242807993.7826,82525488969.193
"31","CHL",30487894555.2764,32516278737.9099,37152112429.5229
"32","CIV",180937632.978987,203060171.252725,220448711.543326
"33","CMR",52600320.5927395,62937404.2777719,72204772.4194317
"34","COD",1004440.98499019,1150620.19971716,1317185.48021354
"35","COG",32263269.8245374,36101240.7386891,40552914.0703042
"36","COL",6668005150.32608,8023917301.74917,9900014990.58493
"37","COM",10768796.2505176,12631186.9187565,14226835.5887881
"38","CPV",30659102.3161386,35156970.6716463,38315292.3537068
"39","CRI",3005602540.89712,3475939161.74571,3845080300.94085
"40","CUB",0,0,0
"41","CYP",2248213764.97048,2878978308.32141,3493385649.26322
"42","CZE",17019635067.3814,20408482450.0857,23147215937.8117
"43","DEU",445555273170.747,479513306499.208,521672576332.745
"44","DJI",7526593.75148704,9168441.92822824,10491729.1936345
"45","DNK",32505950127.2979,35576937937.036,39286219948.119
"46","DOM",1302031855.1413,1637416765.60446,2053619138.09562
"47","DZA",374534648.546701,478498166.285802,630619074.155179
"48","ECU",2586105653.48201,3150192193.00854,4036968731.82344
"49","EGY",2183575524.08728,2546687093.83801,2881661019.3262
"50","ERI",0,0,0
"51","ESP",168548553897.769,187517076441.146,215772532688.666
"52","EST",2720002576.20999,3096627255.18136,3397967450.33261
"53","ETH",88833143.7383265,107737066.445078,121473687.199951
"54","FIN",26645581593.5918,28552917693.987,31257089775.1781
"55","FJI",165243213.979401,193066117.038766,228637793.950345
"56","FRA",293922105284.731,351644822192.682,467028861310.915
"57","FSM",17.9626451235505,2432.85413023198,572123.575038725
"58","GAB",78108176.9011638,91859619.8768794,102215063.443786
"59","GBR",234310254414.014,320373285499.989,503183823045.364
"60","GEO",527715944.350464,566313108.949552,653507907.635056
"61","GHA",158043997.794037,177053331.960466,196642180.135561
"62","GIN",28236035.7058033,32401351.8839201,37676805.1558945
"63","GMB",3477408.24866905,3881285.2958992,4306478.93780522
"64","GNB",2115425.82636137,2492520.01473542,2966019.01043865
"65","GNQ",47911953.1225444,98152715.0342871,120991982.557427
"66","GRC",21199008317.213,23025623946.8494,24636314780.5022
"67","GRD",2776383.31462244,3822410.68316437,17764077.8594905
"68","GTM",1579663947.93785,1803261897.14179,2168094322.25
"69","GUY",217623937.757289,244721381.840646,262516262.14538
"70","HND",208913931.119322,269925918.457567,300007002.370818
"71","HRV",4246859687.3738,4951240561.34565,5427941751.71156
"72","HTI",1454298.12574804,1784618.60855941,2145478.55927823
"73","HUN",8525236575.1915,10338875220.751,13919697979.3641
"74","IDN",14326586038.0091,17287649554.533,19879409972.9188
"75","IND",49808476794.8547,56244061298.3113,58943562559.0923
"76","IRL",49466230263.1961,52477464154.3868,54595281093.1982
"77","IRN",4945342773.80102,5654816256.39531,6866724097.75936
"78","IRQ",587873023.810217,762123199.670218,936170570.101396
"79","ISL",2358672379.27659,3680752119.06681,4631905766.38378
"80","ISR",25766349964.7172,28546407990.0533,31556242673.8815
"81","ITA",211417316023.4,231218558287.439,252238468621.028
"82","JAM",99630220.1148141,123930156.418608,145418337.152848
"83","JOR",1126019571.53831,1257097050.44032,1348300961.44354
"84","JPN",141739587299.772,178832315288.071,218448814625.295
"85","KAZ",5111119814.7962,5608869882.48773,6256828144.07868
"86","KEN",249064135.069762,285010512.916801,313794263.989835
"87","KGZ",21803063.136783,30731542.4016224,42526780.0633621
"88","KHM",807945921.98208,852950239.165543,901852867.77197
"89","KOR",191750475359.019,219882083240.257,249668146086.699
"90","KWT",5440109462.52224,6116951678.86184,6980837925.347
"91","LAO",322699484.9915,341397758.240928,362474822.578081
"92","LBN",528714029.810649,625100871.435133,715946555.770227
"93","LBR",3495174.93871958,3955711.98773446,4500162.8816311
"94","LBY",385741043.706427,448108422.363027,513855579.124896
"95","LCA",38086515.2401848,42406090.7305998,48479518.2111436
"96","LKA",2425303688.08791,2583304774.62793,2865524048.91954
"97","LSO",6202071.43664827,7260073.27258516,8334827.66156226
"98","LTU",5581304310.17247,6131744622.10614,6355755800.05346
"99","LUX",6359741855.10178,7506567800.27111,10240524123.9318
"100","LVA",2607550953.18921,3046157064.98344,3249695781.32635
"101","MAR",2823499186.04141,3292292514.11711,3832184598.38253
"102","MDA",392229571.120876,447161149.335824,481009070.539674
"103","MDG",6036111.06723999,7722510.4414077,8900114.5398919
"104","MDV",252691261.808352,279767296.340513,333343080.147779
"105","MEX",33066260344.0313,39230819181.2972,44064824538.1535
"106","MKD",454446266.579685,542514067.196474,629395161.066649
"107","MLI",8091443.5008463,11523541.8775912,13990218.3233651
"108","MLT",1718577037.51195,1952860324.61741,2305884765.54373
"109","MMR",400183781.696325,481910096.714065,575058293.148922
"110","MNE",182511098.730593,214843746.424366,260320595.226663
"111","MNG",321976139.231312,345387529.329147,374412910.615105
"112","MOZ",17490172.0528059,22065464.1107495,27867113.9790225
"113","MRT",44633500.2770566,58598398.2632532,70044153.1179838
"114","MUS",471175015.371136,529619166.464412,584312193.699726
"115","MWI",19169329.2182836,20524092.0117556,21602590.2023277
"116","MYS",18072150784.509,20702696635.0879,25165371641.9066
"117","NAM",41070219.6462651,55046652.9460475,65092335.6504256
"118","NER",16421701.9621493,21687016.8360904,33261302.9971387
"119","NGA",811074330.643429,883629900.441045,932008472.469452
"120","NIC",39915073.7322877,48120731.7052763,56443929.7610582
"121","NLD",75976106892.9422,85167411020.7543,97253210059.596
"122","NOR",43392087073.666,48024209452.9457,51701113061.3637
"123","NPL",297307003.859376,336619012.25572,445373285.657913
"124","NZL",18270657115.6001,26329921968.9802,33373899610.6147
"125","OMN",873468737.887577,1177211948.25306,2242691183.3284
"126","PAK",2001671459.89732,2325631193.45217,2819348307.7006
"127","PAN",2005581045.71104,2516149440.3283,3139143639.8502
"128","PER",2787101759.13008,3886298558.55744,5289698114.86535
"129","PHL",5395454841.52997,6567783023.64214,8268841828.59934
"130","PNG",15231141.9079004,19625289.5878671,24682756.2983966
"131","POL",34831353844.06,38297459358.1055,41138478990.2271
"132","PRK",0,0,0
"133","PRT",37144646101.7847,39716740128.3466,53635728476.7624
"134","PRY",235805144.466272,289960528.481843,322273925.998307
"135","QAT",7390582116.2526,10077948049.1184,13108124881.3552
"136","ROU",8419375096.60012,9923436741.56989,11216126061.852
"137","RUS",76141177272.1988,81611282795.9404,87623139804.1564
"138","RWA",50380557.5874483,58316702.3637832,67127663.0890656
"139","SAU",39864520670.4297,44396236325.4211,50127544113.4092
"140","SDN",18567953.1038347,25161320.7517161,31920297.6799366
"141","SEN",66398064.8503991,76425831.3644465,85747168.5008932
"142","SGP",104116438623.383,126617409261.747,132469400790.885
"143","SLB",190470.866912606,2629061.23078939,11907910.965426
"144","SLE",5270279.51879787,7908658.2486309,9652142.37316915
"145","SLV",577861682.575896,675914062.882724,717578875.276981
"146","SOM",5223759.53940903,5938837.59397491,6694929.68911351
"147","SRB",3160575489.44753,3730120189.90618,4332972072.99783
"148","SSD",0,0,0
"149","STP",5055565.12730235,6050169.07254323,8725148.08941022
"150","SUR",86443008.5699081,99086471.2763714,105115429.420404
"151","SVK",5475900039.49363,6457483529.77649,6960674083.27604
"152","SVN",3780883724.56768,4209205346.31977,4697189543.08255
"153","SWE",30910747763.2138,34883550141.651,39953816082.7576
"154","SWZ",18110897.0209789,21820158.5267016,25557142.433895
"155","SYC",63511628.9617144,81624545.7497655,107750360.880407
"156","SYR",6277650.18045309,8100159.69003839,10072729.2148939
"157","TCD",1336572.27908263,1818235.94113978,2224709.97513837
"158","TGO",18233816.2517349,19669454.6654042,21571774.3497144
"159","THA",25468240569.4663,31413614690.7842,36702538271.7082
"160","TJK",35039201.5413656,50225976.1838786,63335420.4967745
"161","TKM",652220529.804473,956869537.392184,1154131855.06775
"162","TLS",48920038.676149,53464450.3257723,56192255.5518008
"163","TTO",998583368.873733,1185394138.05994,1435071079.89522
"164","TUN",624270635.201274,719920661.899185,812116450.244281
"165","TUR",33359337559.2132,38807515765.4128,42642115446.3172
"166","TZA",29996269.7100941,41077211.9588846,48497995.8941556
"167","UGA",64904239.8042741,73393120.9776322,80108784.7914772
"168","UKR",2574264791.06924,3041025628.4504,3467320811.84385
"169","URY",6983261816.2206,9446289290.11415,11569312482.4241
"170","USA",1529169650400.47,1672669746514.24,1821185156239.79
"171","UZB",461397588.001223,642037014.379436,797875074.238853
"172","VCT",8788829.82183964,12034338.0223039,22009296.8089603
"173","VEN",0,0,0
"174","VNM",9965111731.87344,12246319433.194,15119890053.7286
"175","VUT",7814.61352670013,54249.6744971749,3076933.18477411
"176","YEM",10090681.642267,11670274.6080969,13066556.8673765
"177","ZAF",4903782762.73578,6164335619.3197,7556189116.22214
"178","ZMB",28985068.4045025,33758496.8822572,37393013.3817476
"179","ZWE",109258087.675688,125186711.278038,142668716.665664
