"","iso3c","averted_deaths_discmonqalys_low","averted_deaths_discmonqalys_med","averted_deaths_discmonqalys_high"
"1","AFG",16213539.5920605,17492598.1077697,18459936.0035128
"2","AGO",167388205.149134,179056527.774766,194970299.4735
"3","ALB",310090552.672993,377968709.926723,420503453.405133
"4","ARE",7446229172.22118,8244368064.81121,9703507665.21114
"5","ARG",9063482154.37958,10595215560.5669,12443965404.773
"6","ARM",125504810.749477,142452605.051162,153876535.979207
"7","ATG",53803666.6964331,62468963.8944415,97810598.0685213
"8","AUS",58743779733.4042,74527985253.6924,119060444726.186
"9","AUT",19759546040.4083,20978051285.8777,22830734485.1918
"10","AZE",1399211708.50375,1556968451.03447,1634124033.76651
"11","BDI",19.6388967784047,79.9039128229701,135.389866389406
"12","BEL",51133661098.3385,79288382103.6856,106299131893.955
"13","BEN",9388113.12848658,11090824.438327,12968149.6993946
"14","BFA",3964303.56081596,4488869.2998714,5588723.2734006
"15","BGD",1734881726.59852,2016956508.6597,2498298927.31501
"16","BGR",2052856777.796,2449558668.75484,2672345896.85359
"17","BHR",722750631.928341,811784077.562691,988436361.443736
"18","BHS",263987509.91578,311165085.588115,341642380.927322
"19","BIH",365209668.201614,436497445.606106,498494234.70523
"20","BLR",1122516697.13185,1301804730.63806,1579027085.86174
"21","BLZ",30464371.2328793,38014477.6509096,41835536.1079234
"22","BOL",250354093.048751,287332474.424304,315417630.74797
"23","BRA",55722417440.3406,63530771791.4909,67760252844.641
"24","BRB",83605925.2323422,123158300.399025,167017030.564933
"25","BRN",484172867.524781,568210063.495462,723100369.315796
"26","BTN",51808585.3306817,55675502.345809,59948791.5328618
"27","BWA",94150480.9181886,122122979.724423,142571795.462664
"28","CAF",1442994.39534167,1747723.75406196,1996940.25973853
"29","CAN",146713700513.979,160982106121.307,234995498129.592
"30","CHE",29605533811.5487,37655029385.1287,56089813195.7319
"31","CHL",21011904676.6436,22423658859.5059,25443437608.32
"32","CIV",128641717.903674,145514659.380343,158165679.362842
"33","CMR",38140904.2379358,46043440.393877,53193717.3154144
"34","COD",714094.916699534,818630.814163217,939532.747274931
"35","COG",23070110.2969839,26043987.3475245,29215531.2445157
"36","COL",4648309815.01094,5578496531.0731,6904343103.45929
"37","COM",7360363.10243936,8615764.09521701,9689398.8486976
"38","CPV",21268072.8216665,24401570.5507733,26513057.6129891
"39","CRI",2040152532.44197,2363421247.59801,2605580084.5236
"40","CUB",0,0,0
"41","CYP",1511364029.83476,1943869047.68638,2363475678.4134
"42","CZE",12227434159.2422,14712919614.5452,16739480836.5591
"43","DEU",316177594128.307,340735687500.658,371968148950.354
"44","DJI",5992931.20008008,7257441.47702153,8231808.50949704
"45","DNK",22872277303.1373,25060520775.8304,27732393084.0659
"46","DOM",907180998.287427,1138760128.58032,1425925928.42776
"47","DZA",264184487.034527,337645836.653945,445301765.246795
"48","ECU",1718695421.76134,2092806178.32801,2672098946.9883
"49","EGY",1590407754.85104,1859206693.12253,2103266363.38028
"50","ERI",0,0,0
"51","ESP",118464281438.417,131694228138.313,151958845328.093
"52","EST",2009861563.13443,2295393468.98613,2523049831.11065
"53","ETH",65461933.4985532,79666380.0945075,89377165.5389656
"54","FIN",18562769595.0448,19949000067.9371,21591378629.4821
"55","FJI",120011835.445961,138778240.117189,162794944.042864
"56","FRA",209655535378.394,250869121834.184,329298064660.101
"57","FSM",14.8798883655876,1855.84524606079,420081.426578536
"58","GAB",56742225.237709,66861827.5497646,74755010.7241816
"59","GBR",164224701002.576,221807924691.093,348514580823.269
"60","GEO",407371201.888608,438994835.211763,507236753.152338
"61","GHA",115661144.934978,128863612.414922,143011531.28472
"62","GIN",19886419.1798718,22931484.7666481,26656849.1014197
"63","GMB",2479549.02045982,2769625.65024331,3073676.60524517
"64","GNB",1542659.43656686,1831884.45899913,2169038.59005221
"65","GNQ",33096519.2335226,66832831.2571685,82074386.5985372
"66","GRC",15381855912.538,16745917292.0689,17932150857.2773
"67","GRD",2176513.37916133,2970850.96974188,13477376.4989603
"68","GTM",1135168591.0689,1295675063.39012,1539449247.92628
"69","GUY",162947270.268864,183998412.307064,197266724.550934
"70","HND",150122714.863717,194422321.136957,216200169.778885
"71","HRV",3207348760.93928,3740105568.68992,4107060106.45521
"72","HTI",1116442.05212328,1365031.59267666,1646670.70036993
"73","HUN",6566539713.3876,7876998726.68275,10536807014.9133
"74","IDN",10330697073.3067,12390313895.3787,14260847665.7594
"75","IND",35898276650.3224,40634818636.5352,42486685713.2574
"76","IRL",34378421811.9737,36582113844.7091,38066311325.9084
"77","IRN",3448226981.72209,3933707451.65154,4756929598.20667
"78","IRQ",431920717.120536,549103599.8003,680160850.013811
"79","ISL",1622530442.36416,2559627508.0017,3237685732.1863
"80","ISR",17373558383.6128,19288635803.5101,21321841918.5058
"81","ITA",149770701428.172,164314145821.428,179799501467.136
"82","JAM",74561915.917996,91940346.1570085,107521649.944709
"83","JOR",753042884.844048,839414462.785505,903025035.554106
"84","JPN",98673391710.2584,124186575117.468,151533672417.055
"85","KAZ",3699516951.71509,4090933526.54905,4555864300.34081
"86","KEN",181433986.363966,208539859.120954,228543039.04669
"87","KGZ",15612677.5012124,21777693.7418773,29911882.3318285
"88","KHM",563278898.597481,594736659.707906,629701470.253714
"89","KOR",131025394122.436,150568965869.177,171800610412.799
"90","KWT",3457302241.58857,3891076310.0268,4431993638.30014
"91","LAO",223067049.48049,235977710.087167,250525105.989472
"92","LBN",376213903.616335,443453312.927091,505180832.782459
"93","LBR",2506822.95340419,2838875.64543487,3234231.40824527
"94","LBY",267760922.170225,310081157.731789,355603936.891204
"95","LCA",28477694.8162119,31718405.8449945,36287351.4223411
"96","LKA",1737681343.60148,1852976988.79608,2056574757.02838
"97","LSO",4925364.81935002,5720029.19967166,6527249.26024154
"98","LTU",4288221310.67268,4717146115.60472,4889973980.92808
"99","LUX",4294826408.12336,5067559324.06278,6855471617.83059
"100","LVA",1943961128.30831,2276492261.4102,2438939530.35089
"101","MAR",2007067754.61207,2320707187.69096,2682564607.92376
"102","MDA",288972487.10271,331065078.913583,358296658.529074
"103","MDG",4441175.04984219,5654853.54671199,6520200.47786523
"104","MDV",162910020.169782,180849856.458113,211762564.946309
"105","MEX",23250885708.7116,27692514727.0764,31098482420.44
"106","MKD",346378265.498792,413682568.304854,478134657.67392
"107","MLI",5773261.36411806,8198483.83186205,9958613.18886478
"108","MLT",1215704176.74149,1386446632.15818,1625990430.60522
"109","MMR",298281657.532454,354347076.018218,422871223.148506
"110","MNE",137444771.803781,161988115.335743,197065034.901145
"111","MNG",227027141.286463,243449511.710492,263781477.33211
"112","MOZ",13101605.0976006,16470925.0388309,20814879.7817303
"113","MRT",30847722.9269277,40518678.7043398,48158363.641925
"114","MUS",339970824.658205,381797509.417707,420608479.929519
"115","MWI",14300553.8523942,15339321.7848243,16104392.1656763
"116","MYS",12725803758.022,14436457064.688,17349140342.5758
"117","NAM",31880732.9369369,42676308.3780342,50447337.418373
"118","NER",12100750.5888692,15475620.4981786,22756489.3768442
"119","NGA",581595242.321922,634776590.704344,670470530.434064
"120","NIC",28444452.6438579,34415978.4892383,40181186.8930937
"121","NLD",53704556468.6121,60067447363.9731,68680463326.9271
"122","NOR",29871130265.1231,33175077999.0036,35753862974.7279
"123","NPL",214986886.978079,243743826.51687,320112748.987608
"124","NZL",12038392680.411,17503097773.2031,22228117174.7815
"125","OMN",619567811.742263,822203925.21845,1511390259.0891
"126","PAK",1464558106.98288,1685923950.82393,2039758706.35133
"127","PAN",1361546471.94036,1706851699.94787,2118166711.89357
"128","PER",1945152673.08953,2718318304.83313,3654644235.26659
"129","PHL",3914646431.08018,4700169467.62239,5812934887.2659
"130","PNG",11190819.5698038,14369237.9572384,18024704.0686617
"131","POL",25068467948.9778,27664277344.0406,29714427712.6138
"132","PRK",0,0,0
"133","PRT",26873465614.4575,28732743451.5278,38585026131.7514
"134","PRY",177952902.639889,220184329.670488,244749054.179933
"135","QAT",4728973760.49433,6407148796.66712,8235397731.53178
"136","ROU",6455429337.89483,7614555131.83852,8568544126.8952
"137","RUS",58981434083.0886,63405430901.9919,67987431415.4581
"138","RWA",35683274.3901123,41052915.3790318,47030279.2358884
"139","SAU",26718828256.4869,29728990232.4949,33506570672.9764
"140","SDN",15166127.3159647,20546951.7009432,26230166.7521602
"141","SEN",48486751.0042221,55720478.7985477,62393928.7797435
"142","SGP",70166801463.6971,84428947110.1579,88171307908.1606
"143","SLB",142532.277474851,1888624.55843216,8325340.8621495
"144","SLE",3861506.37903004,5719379.62882679,6969646.74831304
"145","SLV",405416269.049289,475023402.166615,504233642.463328
"146","SOM",3970479.34875381,4519861.00040011,5083890.51591607
"147","SRB",2424091608.79541,2859595253.04397,3328564953.0298
"148","SSD",0,0,0
"149","STP",3423149.94576294,4135656.92533383,5808191.93035668
"150","SUR",63382684.2539143,72866752.6342817,77276222.0606897
"151","SVK",4053654623.26923,4784191645.94,5159440602.55989
"152","SVN",2668758294.21384,2974889754.40823,3330306098.47194
"153","SWE",21273498384.6311,24057259089.1082,27633360318.4985
"154","SWZ",14053907.5292492,16964424.5457083,19827492.3469764
"155","SYC",44951602.0726131,57661706.7292136,76073321.8933277
"156","SYR",4607407.21080366,5905961.58118363,7412937.44789135
"157","TCD",1000107.19473086,1371851.14921151,1679581.71380942
"158","TGO",13176178.8896523,14267711.7142054,15531035.8003656
"159","THA",17749009610.0851,21933608329.238,25612581274.5238
"160","TJK",24040885.1223207,34354271.5758274,43218727.0257604
"161","TKM",447494733.568479,659498174.44676,802042165.449721
"162","TLS",34183448.210788,37623462.9827688,39573701.8855783
"163","TTO",701258349.641125,833444750.388465,1016338417.03107
"164","TUN",451068596.304307,520551579.218079,582998328.684928
"165","TUR",23161291074.8812,27007653935.581,29779446611.8072
"166","TZA",22100818.7509859,30023191.7429078,35659078.0080389
"167","UGA",45781571.9248077,52916595.1046444,56954128.2135398
"168","UKR",1965011816.8881,2327122473.09098,2654084127.3354
"169","URY",4834456457.65319,6545717444.5632,8063183665.50892
"170","USA",1098415215404.15,1202674258622.13,1308503108940.3
"171","UZB",320649955.406255,446758243.691136,553992099.518674
"172","VCT",6315599.90479381,8737762.73834752,16014868.3176089
"173","VEN",0,0,0
"174","VNM",7016933085.74394,8557572473.34039,10492400355.5044
"175","VUT",6510.02939648178,40791.9555434939,2161063.70451402
"176","YEM",7343830.36989145,8577578.6845043,9653115.76046183
"177","ZAF",3731761221.06088,4603090861.93148,5573588291.48289
"178","ZMB",21469558.8694759,25275836.7801609,28117573.7387208
"179","ZWE",80233723.6538467,91822711.0117636,104393415.505617
