"","iso3c","discqaly_pp_low","discqaly_pp_med","discqaly_pp_high"
"1","AFG",0.0591185144011891,0.0636777850479446,0.0671663993689912
"2","AGO",0.0830225339001482,0.0890618791890549,0.0973077570720558
"3","ALB",0.0877848027845766,0.106819551728796,0.118594060381449
"4","ARE",0.0319910231718226,0.0353229255917445,0.0411457568820161
"5","ARG",0.0507003672174397,0.0591456057275126,0.0693287389579455
"6","ARM",0.0882943807795709,0.100187682327249,0.108404241236196
"7","ATG",0.0832335660988562,0.0964393634944758,0.149130526910594
"8","AUS",0.0802254899294249,0.100174937662798,0.157985209055317
"9","AUT",0.0986889534957875,0.104626938797118,0.11381674674995
"10","AZE",0.101599832422173,0.112916104841749,0.118588548541176
"11","BDI",0.00046246010962255,0.00154043924443607,0.00270734963074758
"12","BEL",0.172718866332591,0.264954558121877,0.353468284130955
"13","BEN",0.025973649672625,0.0307670843342957,0.0361670932039218
"14","BFA",0.061262062800986,0.0694258405048113,0.086850846056392
"15","BGD",0.0533527611453655,0.0621979857315205,0.0770238587947151
"16","BGR",0.161218073276125,0.192177485473375,0.20964952305813
"17","BHR",0.0373175494036364,0.0418786625818273,0.0507174839257692
"18","BHS",0.0994180344238788,0.116911316058706,0.128514860962897
"19","BIH",0.114998720547913,0.137304212906103,0.156562827425015
"20","BLR",0.0908430595906699,0.105287796041188,0.127453051462821
"21","BLZ",0.0770227826546623,0.0957820532634646,0.105119793006256
"22","BOL",0.0526221294208336,0.0603756912331045,0.0660489208031397
"23","BRA",0.0920564682520397,0.104600592194497,0.111671744470972
"24","BRB",0.0500020761510077,0.0733670643004476,0.0987012240590844
"25","BRN",0.067265128308094,0.0782560270807066,0.100199481732244
"26","BTN",0.0791631889402507,0.0850182620279523,0.0911486018732089
"27","BWA",0.0304299179876685,0.0394514817809497,0.0461419510982157
"28","CAF",0.0389864662492022,0.047192174357148,0.0543823065540603
"29","CAN",0.147746237511582,0.161861651643892,0.233905554690489
"30","CHE",0.0852440287775351,0.107728011573628,0.159705952226603
"31","CHL",0.123437838087482,0.131538681037121,0.148471601141184
"32","CIV",0.113930612366584,0.128662327241925,0.13965685219049
"33","CMR",0.115870723077045,0.139450624360304,0.16074409208841
"34","COD",0.0921919552210826,0.105920165272582,0.12129386198196
"35","COG",0.213975945716825,0.240149850841172,0.269843567148054
"36","COL",0.0528653575707154,0.0633662569344972,0.0782120349643014
"37","COM",0.0600175314961271,0.0701748119995133,0.0788762022339488
"38","CPV",0.0647542390861579,0.0740304544497372,0.0803308409614342
"39","CRI",0.0870078152818107,0.100547951274377,0.110730905972938
"40","CUB",0.135677621302927,0.190739157074949,0.226915246450019
"41","CYP",0.0865645828270385,0.110961873022801,0.134567536435611
"42","CZE",0.10471203976457,0.125602741649932,0.142702709674475
"43","DEU",0.159770109615035,0.172025130362788,0.187702704559955
"44","DJI",0.0899399258311358,0.10886776230734,0.123269871008258
"45","DNK",0.113139696569427,0.123720940875368,0.136690163513197
"46","DOM",0.0356794126936573,0.0445996746686518,0.055532177570493
"47","DZA",0.0368159287187294,0.0462152650988127,0.0606938505429939
"48","ECU",0.0453224011976795,0.0548882715499937,0.0701893662192617
"49","EGY",0.074373315563415,0.0867894295064047,0.0982509205832114
"50","ERI",NA,NA,NA
"51","ESP",0.155427718832433,0.172602942960982,0.198471636431126
"52","EST",0.137251940880026,0.156615988231395,0.172025975105996
"53","ETH",0.22423550280896,0.271478596227305,0.303643890286167
"54","FIN",0.130982238644169,0.1407208520527,0.151535951159901
"55","FJI",0.0782891363930905,0.0899790113570095,0.104881194140408
"56","FRA",0.158050006370383,0.188376239886411,0.245854514913478
"57","FSM",NA,NA,NA
"58","GAB",0.0833816699110313,0.0976528598520302,0.108652811876261
"59","GBR",0.114907655220272,0.154111791279494,0.240808962620455
"60","GEO",0.137218396995712,0.147802225913402,0.170704991834579
"61","GHA",0.110713085128577,0.123344866498586,0.136595534801137
"62","GIN",0.0915100682786334,0.105208621936732,0.122083772656785
"63","GMB",0.0639800016603531,0.0713374615166804,0.0789984564747793
"64","GNB",0.385623046704961,0.455319416593316,0.543442170565511
"65","GNQ",0.0490245886382224,0.09503810308775,0.115014047558634
"66","GRC",0.167557003334006,0.182287953850593,0.194978014225137
"67","GRD",0.0115890799485506,0.0160595474206225,0.0709255747311442
"68","GTM",0.0987780609761987,0.112011708523122,0.132408397182096
"69","GUY",0.105396432889914,0.118539542555358,0.127197997789161
"70","HND",0.0430361842965318,0.055318896555883,0.0613456894986723
"71","HRV",0.140458900757602,0.16380577713878,0.179810956446369
"72","HTI",0.0265711947919805,0.0325289593903304,0.0392962552355236
"73","HUN",0.0918619162916247,0.109660611111236,0.146188794461184
"74","IDN",0.0725585604318375,0.0871251655698797,0.099947039030396
"75","IND",0.0982199327760533,0.110961182524875,0.115999968004328
"76","IRL",0.132026108123649,0.140309257020712,0.145960470267157
"77","IRN",0.0494314612898169,0.0564830661998882,0.0682212627001445
"78","IRQ",0.0327419789259389,0.0416300542122593,0.0513582761984419
"79","ISL",0.137925533051175,0.215541816947116,0.271044964696056
"80","ISR",0.0954781466714373,0.105829194484393,0.116346845701675
"81","ITA",0.139702086732016,0.153474890747954,0.167713739520016
"82","JAM",0.0493892172748118,0.0607715235401746,0.0708752117222749
"83","JOR",0.0858841494082673,0.0957748343820562,0.10317043079907
"84","JPN",0.0386216433026689,0.0484731352300559,0.0590601236325612
"85","KAZ",0.0814637083197477,0.0897899932167381,0.0999148219522888
"86","KEN",0.0862506254558161,0.0988033642824526,0.1084975074767
"87","KGZ",0.0388036903152189,0.0535465526210879,0.0730355936161036
"88","KHM",0.059423258693605,0.0626724672248036,0.0664780766248989
"89","KOR",0.13768105024587,0.157948293983971,0.179789665556536
"90","KWT",0.0501049057772378,0.0562390850714123,0.0645550968114482
"91","LAO",0.0825324678294569,0.0872711050555425,0.0926210893240783
"92","LBN",0.0968629116732404,0.114060598127502,0.129961283566342
"93","LBR",0.0297020451907485,0.0338496838261601,0.0383683514568131
"94","LBY",0.137377502939391,0.158454785947641,0.181207327334209
"95","LCA",0.103125032023268,0.114535114534343,0.131105487107549
"96","LKA",0.0947360858813773,0.100988997829778,0.112074031126143
"97","LSO",0.0232258108360812,0.0270096990471382,0.030919931422907
"98","LTU",0.149400036090657,0.164371745434181,0.170271183613349
"99","LUX",0.116671039375866,0.137202011300798,0.183926219134683
"100","LVA",0.118441313290415,0.138431224413792,0.148151335568619
"101","MAR",0.0702989043067501,0.0808686070050779,0.0929840830294315
"102","MDA",0.103047702739782,0.117819953446898,0.127384779083979
"103","MDG",0.0743680381705448,0.0945106994691384,0.108784537399904
"104","MDV",0.0812002172573946,0.0897389563994145,0.104616129529065
"105","MEX",0.0622527156227218,0.0739354269401811,0.0829611460733507
"106","MKD",0.101009181400183,0.120402822150849,0.139067097171916
"107","MLI",0.0938508765611896,0.131592895125478,0.159460296987575
"108","MLT",0.131972074610829,0.150074502977768,0.175278816581447
"109","MMR",0.0568715932765339,0.0677834658870383,0.0810148520109779
"110","MNE",0.0988046372935702,0.116462375898594,0.141653377986052
"111","MNG",0.0716031812676116,0.0767025070798479,0.0830934031927879
"112","MOZ",0.0276230876744759,0.0348090423830076,0.0440052410717661
"113","MRT",0.0709177486370323,0.0929556037673288,0.110621925405553
"114","MUS",0.0752446659063781,0.0845394416807626,0.0934053685355936
"115","MWI",0.167124564097388,0.179000498861426,0.187995512972028
"116","MYS",0.0837771216661451,0.0945785096010816,0.112948379447835
"117","NAM",0.0427794463376818,0.057199250878798,0.0672192438403461
"118","NER",0.155531413856071,0.195504144916566,0.284327906029005
"119","NGA",0.232224671934976,0.253183759797622,0.267470997284323
"120","NIC",0.0162534904173012,0.0196542506799747,0.0230262164807886
"121","NLD",0.11311879843661,0.126132530455479,0.143868092939105
"122","NOR",0.127919745522001,0.141818686935683,0.152809436553613
"123","NPL",0.059394773094334,0.0672494988598565,0.0880011089298829
"124","NZL",0.107930301777407,0.154881435092504,0.195271644611165
"125","OMN",0.0182671813354184,0.0248525712970585,0.0469761011651055
"126","PAK",0.0568830602666585,0.0653337722915435,0.0792667611749599
"127","PAN",0.0669557591003445,0.083619876380403,0.103634001173874
"128","PER",0.0269405731172214,0.0376009546391527,0.0505912620893786
"129","PHL",0.0857373245652667,0.102213003489882,0.125164343465832
"130","PNG",0.0638410981775065,0.0816932125657292,0.102411296824325
"131","POL",0.0996708888185458,0.109887379635766,0.117979211532238
"132","PRK",NA,NA,NA
"133","PRT",0.182649679339131,0.195145483330239,0.259603744010129
"134","PRY",0.0195456251571067,0.0240744262570305,0.0267622291770926
"135","QAT",0.0481105473656967,0.065404423871621,0.0834199977201329
"136","ROU",0.108540491466166,0.128033087029192,0.144054564058691
"137","RUS",0.13985968211219,0.150131426083145,0.161070257104611
"138","RWA",0.0467657383590758,0.0538297813872604,0.0616378573946855
"139","SAU",0.0654151230301597,0.0730638899767082,0.0825806996180549
"140","SDN",0.07560456990959,0.102143068864198,0.13021482390086
"141","SEN",0.102366989032157,0.117189745614895,0.130704266865254
"142","SGP",0.267341976842356,0.319738469611868,0.333563032128269
"143","SLB",NA,NA,NA
"144","SLE",0.0548013315625881,0.0804003095872311,0.097572482087362
"145","SLV",0.0639724545411749,0.0748844412150156,0.0795180798141856
"146","SOM",0.0501727042683355,0.0572986751337336,0.0647500856014747
"147","SRB",0.111173106696009,0.131167466021583,0.152650179239978
"148","SSD",0.0447385304344248,0.065493103909353,0.0795202087759394
"149","STP",0.0949058177592624,0.113051230155995,0.157279356290999
"150","SUR",0.101588972732389,0.116422097239635,0.123465787654175
"151","SVK",0.107566741615009,0.126828443217109,0.136714769176954
"152","SVN",0.119793629443701,0.133508263586065,0.149450825826301
"153","SWE",0.0746129116601761,0.0841541600011007,0.0965388522497206
"154","SWZ",0.0386455055858807,0.0465114494807011,0.0542868560447351
"155","SYC",0.0604749476867727,0.0774035992262791,0.101983356329762
"156","SYR",0.0421315304083435,0.0538827190343633,0.0674442477305445
"157","TCD",0.0892453286829947,0.122434935130272,0.149968199687157
"158","TGO",0.0835194587600001,0.0902184529192062,0.0985261781953559
"159","THA",0.105557302560961,0.129878895196292,0.151394187248775
"160","TJK",0.0329978860045115,0.0468315202481718,0.059296090320683
"161","TKM",NA,NA,NA
"162","TLS",0.0791177761215241,0.0865915663477274,0.0909631725781788
"163","TTO",0.0924674254304066,0.109545130325675,0.133158752138744
"164","TUN",0.0659329649731284,0.0761747630387503,0.0855238626615518
"165","TUR",0.0845505581776967,0.0984363129170175,0.108487045418876
"166","TZA",0.0540497865773693,0.073129968706572,0.0873826653047758
"167","UGA",0.187302009243034,0.21371698241062,0.231492791263331
"168","UKR",0.0988364191389142,0.117104181924795,0.133597261278248
"169","URY",0.153749173106232,0.207323775724269,0.254711579538158
"170","USA",0.117304792188336,0.128320931881674,0.139729336057007
"171","UZB",0.0406658848034969,0.0563066485136876,0.0697407814483572
"172","VCT",0.0559982647743313,0.0771062822217937,0.139195422658026
"173","VEN",0.0373331027818075,0.047862762432699,0.0673776772938959
"174","VNM",0.102437395180725,0.124192769250818,0.151404275151502
"175","VUT",0.000144636192152884,0.00124246387802572,0.0556335403215669
"176","YEM",0.248209156764217,0.289022362982379,0.324854020978259
"177","ZAF",0.0661150326182549,0.0813378642802512,0.0974838191025953
"178","ZMB",0.0748401744129948,0.0874463393442707,0.0969859654808592
"179","ZWE",0.0494121719679281,0.0566523280823627,0.0640056909830223
