"","iso3c","discmonqaly_pp_low","discmonqaly_pp_med","discmonqaly_pp_high"
"1","AFG",5.05280840556523,5.44247281664242,5.74054627567791
"2","AGO",55.9185626149845,59.9876962717361,65.5433763745744
"3","ALB",326.218570939044,396.964865682542,440.736437408206
"4","ARE",943.04422438146,1041.25086430571,1212.94401757102
"5","ARG",315.471546092276,368.022951648215,431.378613786441
"6","ARM",239.692053813518,271.976098185434,294.271915155289
"7","ATG",980.791798990177,1136.41781645794,1757.57944818836
"8","AUS",3303.37329436993,4125.92196944655,6507.63740016068
"9","AUT",3597.32104431625,3813.69041222996,4148.52184409257
"10","AZE",318.477205629053,353.951140692921,371.73099661832
"11","BDI",0.0237286229696501,0.0790931836274683,0.138983787916389
"12","BEL",6062.05472250283,9300.90162629254,12408.8591381203
"13","BEN",11.9771690691262,14.1870562210479,16.6756165071984
"14","BFA",13.151261417989,14.9035517116563,18.6418479433197
"15","BGD",46.3269248011012,54.0075584379832,66.8813110316193
"16","BGR",1146.04668703097,1366.12231000122,1490.28931770391
"17","BHR",688.569222589018,772.749970954419,935.831525024252
"18","BHS",1937.57821964588,2278.496106089,2504.64799114688
"19","BIH",486.073796123406,580.345935047572,661.721674568777
"20","BLR",394.200553816584,456.884559139327,553.067892875263
"21","BLZ",164.974108204222,205.160318863318,225.165594829289
"22","BOL",62.2889449660041,71.4652807354932,78.1812710261447
"23","BRA",425.344811889232,483.316576876752,515.985235947767
"24","BRB",634.998840610301,931.786421009742,1253.79718792858
"25","BRN",1417.42716569158,1649.15254413316,2111.67131221595
"26","BTN",98.8638527352234,106.179963440497,113.838975616194
"27","BWA",137.680910803144,178.513136911383,208.769629575345
"28","CAF",4.60118018641354,5.56959750952049,6.41779718560369
"29","CAN",5270.44493553067,5774.05952686933,8345.15131120172
"30","CHE",5412.7835729962,6840.94945572287,10142.0856191984
"31","CHL",1360.08025280831,1449.34995542819,1636.03579950451
"32","CIV",97.8523238500421,110.500519370598,119.943479845718
"33","CMR",67.7560700960986,81.5426316287925,93.9910759637326
"34","COD",12.3380703059723,14.1750684219879,16.2324432701539
"35","COG",188.274423140942,211.298833751024,237.420722808069
"36","COL",190.644903261633,228.521429469321,282.057957696105
"37","COM",33.2556506017434,38.8850043461912,43.7074517074692
"38","CPV",89.957035805229,102.847687304235,111.602473601794
"39","CRI",647.455653660856,748.218383612372,824.007811251508
"40","CUB",0,0,0
"41","CYP",1984.42500040134,2543.72201117773,3084.89128401298
"42","CZE",1970.3448075276,2363.46085095615,2685.25343494687
"43","DEU",5674.05349463757,6109.24714373916,6665.96978087789
"44","DJI",94.947530853315,114.928248756456,130.131681214975
"45","DNK",5359.96608331551,5861.38688104694,6475.85255339431
"46","DOM",175.201521432491,219.008892674685,272.703619077064
"47","DZA",53.5419064065621,67.2179439411158,88.278795712591
"48","ECU",159.588171299339,193.269946192472,247.150494497182
"49","EGY",99.5401162966079,116.158710185028,131.497227390277
"50","ERI",NA,NA,NA
"51","ESP",3254.76119807889,3614.47087270218,4156.37296220325
"52","EST",2606.69256410464,2974.45755492359,3267.05999977295
"53","ETH",48.9741654853996,59.2924174674472,66.3179142664298
"54","FIN",4725.92663690428,5077.19832221669,5467.95761592665
"55","FJI",213.115807837961,244.957752026357,285.542810577302
"56","FRA",4695.54554299458,5596.75993860419,7305.17628014322
"57","FSM",NA,NA,NA
"58","GAB",395.233097987021,462.889218678297,515.004363782139
"59","GBR",3661.75654115334,4911.50761294647,7675.04977241591
"60","GEO",404.12829235438,435.28977223115,502.733812499471
"61","GHA",94.6717675399853,105.476031231558,116.807044305968
"62","GIN",27.3185233851334,31.4074490603289,36.4459336768092
"63","GMB",11.9953878774282,13.37491180248,14.8112398885102
"64","GNB",83.2523204042383,98.2984548009951,117.320868498565
"65","GNQ",197.323455253921,382.614327802468,463.065817702998
"66","GRC",2351.35571212009,2558.06766935775,2736.15224480425
"67","GRD",64.6089487554021,89.5302140265472,395.560566586937
"68","GTM",281.335126002277,319.035383909168,377.156775599426
"69","GUY",602.373337345423,677.510543580269,726.989007524751
"70","HND",41.1673574839032,52.9196987858839,58.6857908485256
"71","HRV",1697.53756725805,1979.6336902938,2172.99974278521
"72","HTI",17.0520420366071,20.8738391600251,25.2155290715377
"73","HUN",1169.74374511722,1396.5871368854,1861.76638383275
"74","IDN",108.783441121975,130.628808612838,149.855431139499
"75","IND",76.9359674991472,86.9176428977527,90.8659816401328
"76","IRL",9470.08795581624,10064.1914325163,10469.5718595521
"77","IRN",74.9436791395923,85.6376204759585,103.43546181177
"78","IRQ",92.3699156692377,117.454780007383,144.901413085247
"79","ISL",6497.25940384197,10153.8513117411,12769.0719810615
"80","ISR",3390.08405275648,3757.63572472412,4131.26948699061
"81","ITA",3497.82747902416,3842.36893127625,4198.90849352887
"82","JAM",147.818664485529,181.892912915152,212.138615007732
"83","JOR",208.284242202404,232.268996386586,250.201671457979
"84","JPN",1051.20656299411,1319.36362839476,1607.56287380378
"85","KAZ",471.357608926668,519.540545509348,578.13468368662
"86","KEN",62.162981735833,71.209158200896,78.1951195796213
"87","KGZ",18.317041968492,25.2784093737912,34.4817306630178
"88","KHM",45.0497215055798,47.512439365573,50.3968374684287
"89","KOR",3286.3741393959,3770.15255768197,4291.52703434927
"90","KWT",1159.47186292084,1301.46464188981,1493.82470434102
"91","LAO",72.9275504477797,77.1150584260351,81.842971533442
"92","LBN",227.087971628577,267.412671388946,304.695856392849
"93","LBR",4.75726709329432,5.42117649962426,6.14502791071656
"94","LBY",392.989401892455,453.318427663728,518.418343413585
"95","LCA",625.029702855838,694.212924548604,794.593724098408
"96","LKA",132.503588660555,141.249587701521,156.750002190643
"97","LSO",8.6596839181983,10.0714327420541,11.5297810428618
"98","LTU",2429.11498096454,2672.45787941433,2768.3971131505
"99","LUX",10601.6371654937,12467.14063622,16714.4666151876
"100","LVA",1630.22967321492,1905.37896920325,2039.17681190972
"101","MAR",93.0895614810514,107.093446003449,123.142502241179
"102","MDA",314.929465393041,360.060297858826,389.285075731547
"103","MDG",8.74040987102474,11.1077157940482,12.7855158962114
"104","MDV",479.036682743834,529.427752293303,617.221865841512
"105","MEX",372.184683278796,442.037917597831,496.001581976387
"106","MKD",445.955772338311,531.595522811499,614.015188549293
"107","MLI",19.4050206413256,27.2110281174354,32.9735539332505
"108","MLT",3409.56513285954,3877.35687800555,4528.6818568221
"109","MMR",24.7101484944673,29.4531742547412,35.2042393541603
"110","MNE",541.949210344921,638.784246473807,776.926093131587
"111","MNG",113.165345782489,121.224072581101,131.3262186032
"112","MOZ",3.37679215843935,4.25535924836453,5.3795998568813
"113","MRT",48.3103706851908,63.3259654520426,75.3645988743341
"114","MUS",395.484899520132,444.34194168966,490.933398975499
"115","MWI",24.7404676776415,26.4980464489875,27.8301278448441
"116","MYS",529.445939027809,597.758648178523,713.900257105391
"117","NAM",109.386727329096,146.266488800983,171.891926487624
"118","NER",22.7002286302517,28.5396300436112,41.5126408714214
"119","NGA",163.809487348199,178.58839794578,188.664622011636
"120","NIC",12.098870627711,14.6297982998539,17.1395176994724
"121","NLD",4622.38986777972,5154.31287305175,5879.20689453301
"122","NOR",8089.76941958391,8968.89975543704,9663.69620820728
"123","NPL",26.0181749100939,29.4589488011532,38.5511826652674
"124","NZL",3638.21443203201,5221.55840548363,6583.50003605848
"125","OMN",240.832968819082,327.652481343588,619.342407233037
"126","PAK",28.9519341742795,33.2545231931091,40.3474436556544
"127","PAN",601.859502300381,751.62779433868,931.481832337312
"128","PER",106.585526810951,148.75766700337,200.145039322601
"129","PHL",104.474865672581,124.563867597558,152.552193074689
"130","PNG",58.2060933482079,74.4853919543342,93.3749363770194
"131","POL",1261.8396807122,1391.13138263555,1493.58815617372
"132","PRK",NA,NA,NA
"133","PRT",3066.6409370703,3276.40489667544,4359.41002127315
"134","PRY",67.7000277065223,83.3885515335017,92.6993355211793
"135","QAT",2346.55392899861,3190.16122130058,4069.31388945233
"136","ROU",942.282337082938,1111.43634172943,1250.51704132382
"137","RUS",1014.7579531304,1089.30474516598,1168.64958364414
"138","RWA",9.29562496769768,10.7000681803714,12.2528943086544
"139","SAU",1262.6165925151,1410.2387095518,1593.91341935824
"140","SDN",12.9072585525288,17.4401447045871,22.2340989752528
"141","SEN",57.1971322058869,65.4811803648612,73.0321086965417
"142","SGP",14463.0312262048,17299.0688534358,18047.4036391219
"143","SLB",NA,NA,NA
"144","SLE",11.6301277033078,17.064479606509,20.7096128639655
"145","SLV",103.874967305859,121.592126310154,129.114762764909
"146","SOM",6.6047159594619,7.54155394013238,8.523183372005
"147","SRB",623.512668158771,735.607482864084,856.081050854652
"148","SSD",0,0,0
"149","STP",78.4342222712463,93.4324194249057,129.998546100351
"150","SUR",296.170673443938,339.431497600447,359.960510413095
"151","SVK",1617.87504445222,1907.58444529959,2056.27489022819
"152","SVN",2375.82298951245,2647.77432838541,2963.88595223555
"153","SWE",3101.35271767145,3497.96220107609,4012.65149188458
"154","SWZ",53.0639203071402,63.8646564350804,74.541932793212
"155","SYC",615.627258175671,787.989281714535,1038.23183533005
"156","SYR",6.70331236341956,8.57324570988385,10.731055784998
"157","TCD",14.1361643611955,19.3926957784225,23.7526743594694
"158","TGO",18.818048928965,20.3271511278151,22.2001176151237
"159","THA",431.729487616656,531.218327854896,619.22102523084
"160","TJK",10.3503455476519,14.6890602273396,18.5974638024403
"161","TKM",NA,NA,NA
"162","TLS",74.3014970110998,81.3201923901945,85.4270845978433
"163","TTO",1125.35921914165,1333.25210883671,1620.58828806751
"164","TUN",89.5848769493867,103.495579657557,116.199423464947
"165","TUR",477.464933411434,555.880532515798,612.633429102013
"166","TZA",21.915946106631,29.6536586950373,35.4277633817501
"167","UGA",39.6501425351687,45.2397265756254,49.0052750935644
"168","UKR",165.012786496227,195.508427420049,223.029995495927
"169","URY",1869.1007986178,2520.53824579178,3096.65121087033
"170","USA",5683.41412718713,6217.38773641734,6769.60442578099
"171","UZB",32.1259774547651,44.4836813813641,55.0988889998871
"172","VCT",275.234805126281,378.981830153001,684.187873964496
"173","VEN",0,0,0
"174","VNM",132.713171751897,160.90852205214,196.178909219538
"175","VUT",0.157020356152659,1.34615604160131,60.4034574275353
"176","YEM",31.0773236796132,36.1867953702985,40.67353165334
"177","ZAF",262.133495179977,322.525880656053,386.617930140496
"178","ZMB",29.4936299502294,34.4613431493874,38.2195536465246
"179","ZWE",29.7982545248283,34.1652273457755,38.6013448952399
