"","iso3c","disc_exwelf_low","disc_exwelf_med","disc_exwelf_high"
"1","AFG",3.99703755905025,4.30831900795311,4.56415899710311
"2","AGO",4.65224106649287,5.08647606112581,5.64456473934926
"3","ALB",6.43695134508365,7.80398266411004,8.63012738653119
"4","ARE",3.29376554241351,3.64951779215507,4.17091920888705
"5","ARG",3.84779258552558,4.47580053644614,5.24874270671712
"6","ARM",6.29897028135212,7.15391378312437,7.78993390188158
"7","ATG",7.27587019885344,8.39291894309035,12.4322419985815
"8","AUS",6.80389315014327,8.35437197262922,12.4212599733624
"9","AUT",8.11634515839624,8.61243437988006,9.37433828897505
"10","AZE",7.45579782087052,8.24622234355633,8.68194052763654
"11","BDI",0.0702011141842257,0.141206082963501,0.272218716998499
"12","BEL",13.5285687166924,20.1303010274807,26.4881486267421
"13","BEN",1.38544677130532,1.6626493282877,1.97766439235243
"14","BFA",3.20551068297859,3.64506760938414,4.63306017846221
"15","BGD",2.6392236807525,3.11077854691097,3.87984072602136
"16","BGR",11.2544003005311,13.3852424959538,14.597253155182
"17","BHR",3.86295124525751,4.32734212093811,5.19108921510635
"18","BHS",7.93637082723128,9.29379996262991,10.2396134955112
"19","BIH",8.1777155573293,9.71940560768161,11.0457712051838
"20","BLR",6.63800459521271,7.64097917535393,9.20314817476701
"21","BLZ",3.78212536375958,4.62616093825265,5.06282210575001
"22","BOL",2.70084875584773,3.08244589441936,3.34858745580718
"23","BRA",7.00774037208302,7.88424181888514,8.42446122213785
"24","BRB",4.85072849922362,6.90791589037097,9.17757191561759
"25","BRN",5.51070677370824,6.55951274196854,8.41880432987193
"26","BTN",4.28174663613665,4.64465502160128,4.98144062249934
"27","BWA",2.257518223322,2.91501369604425,3.4157430645816
"28","CAF",2.4533806837804,2.97998862179004,3.59306457959023
"29","CAN",11.685316454168,12.8004906778719,17.8428938190953
"30","CHE",6.75561854947928,8.45428510229617,12.3791113636839
"31","CHL",10.1538631132621,10.7822430367557,11.9817505434966
"32","CIV",5.93747738340168,6.66399934324998,7.35089771973471
"33","CMR",6.61312022983456,7.82110728498984,8.96912353009012
"34","COD",5.23479704016123,6.04347928164374,7.01783686484492
"35","COG",11.4713758506557,12.7469155824102,14.3446688413729
"36","COL",3.92289508201445,4.68108721103568,5.82027096913394
"37","COM",3.82294472093077,4.44868276405395,5.01836173974526
"38","CPV",3.7327144672617,4.18719643997878,4.5149092149225
"39","CRI",6.16992649817991,7.06493744704636,7.7246049402962
"40","CYP",9.88772773494772,12.5163650783828,15.0214762300938
"41","CZE",8.95109168568921,10.6478951214294,12.0613402998125
"42","DEU",12.9812899873648,13.952488300622,15.1780370252905
"43","DJI",3.39053392729365,4.11242843318654,4.73769468646517
"44","DNK",9.10698218083769,9.90526551109626,10.8827584732776
"45","DOM",2.87727254639484,3.53156416268482,4.30631082919329
"46","DZA",2.62165902148852,3.24746378206879,4.27218756970754
"47","ECU",3.69402732435207,4.50399362591586,5.73349754752643
"48","EGY",3.51254859483403,4.0642948292155,4.61355526679634
"49","ESP",12.4709883574677,13.8591832105972,15.7439095916734
"50","EST",10.8291535879709,12.3127104864188,13.5064402862159
"51","ETH",10.9897617737666,12.8960667170202,14.216748196248
"52","FIN",10.2183727097748,11.0227133204862,11.8499358538566
"53","FJI",5.50590931938019,6.28677815308367,7.22400793358436
"54","FRA",12.1566947548293,14.3085406647649,18.3245339373851
"55","FSM",NA,NA,NA
"56","GAB",5.84669268263621,6.75179257720809,7.49950423153454
"57","GBR",9.22642547222105,12.1888185800102,18.617321486998
"58","GEO",10.680387052937,11.5107943651958,13.2596453795338
"59","GHA",5.81421341858438,6.42447067685544,7.12746812043813
"60","GIN",4.99331616085126,5.76656901581991,6.8039488842363
"61","GMB",3.20024861075531,3.57132637356666,3.96687720855947
"62","GNB",23.0173926760051,27.34490238803,34.2903466794835
"63","GNQ",4.00678062704941,6.8249571901717,8.00984683888028
"64","GRC",13.6876817309162,14.8743838328458,15.9171000356716
"65","GRD",0.79190157136144,1.10768997742945,4.44905494698112
"66","GTM",7.1293241948135,8.06605795278884,9.42622655386512
"67","GUY",7.19564821999948,8.06183427864593,8.64268409011496
"68","HND",2.10096390515681,2.65514741655312,2.93663542076272
"69","HRV",11.7728721897941,13.7363386653484,15.0913438014011
"70","HTI",1.53159553839811,1.89512505335702,2.32863319812597
"71","HUN",7.80607305089258,9.16879258323603,12.038363988556
"72","IDN",3.59601515213248,4.35132155363617,4.98695117951989
"73","IND",4.93279786774648,5.51137060548244,5.7740418414638
"74","IRL",10.781175333984,11.4299165336169,11.889478648782
"75","IRN",2.28680866855579,2.6221793637636,3.17160138221407
"76","IRQ",2.41953369473153,3.05120498106921,3.733762346029
"77","ISL",10.2597829643231,15.6857183931972,19.3670788577257
"78","ISR",7.30471995109854,8.10364945696251,8.94293375258094
"79","ITA",11.5817345789371,12.7829476823226,13.9646818894396
"80","JAM",3.86474206399537,4.67588976552207,5.41637835268661
"81","JOR",5.80488517206965,6.48815741901221,7.03057783563044
"82","JPN",3.25482320521571,4.04894738575525,4.89386853428394
"83","KAZ",5.50352441707121,6.05312147949015,6.7154712139554
"84","KEN",4.55006373517726,5.19809848859398,5.7542273454924
"85","KGZ",2.27965965733903,2.97478780047107,3.8802266534879
"86","KHM",4.41828756230064,4.6876498255566,5.00708680684276
"87","KOR",11.1342438095124,12.6974440601564,14.3587849123249
"88","KWT",4.42317152435634,4.95893278891407,5.82076949988165
"89","LAO",4.3825659384436,4.63437576590134,4.92933219285962
"90","LBN",9.02694366773553,10.5654017488819,12.0832958602655
"91","LBR",1.56698924765441,1.8008333294959,2.13738518919558
"92","LBY",9.03597277014633,10.2495505660829,11.5958254020002
"93","LCA",7.07786380242007,7.83835050705226,8.98704325172286
"94","LKA",4.84363640273317,5.18799955300789,5.77392246123021
"95","LSO",1.48039119456728,1.73524500356743,1.99570400101805
"96","LTU",11.5102549916957,12.6667712137551,13.12396995365
"97","LUX",9.35269925720729,10.8974035000164,14.2438460241043
"98","LVA",9.18962148936308,10.7057602401522,11.4518673251087
"99","MAR",3.41334585198228,3.8430443908627,4.34290867368212
"100","MDA",11.1186782905486,12.6532990220868,13.6830420202243
"101","MDG",4.49506037277916,5.45744475955095,6.24616065701085
"102","MDV",6.52644367867706,7.15724955256965,8.25503193040719
"103","MEX",4.46444764850049,5.25316910621659,5.85046061765078
"104","MKD",8.13406397700917,9.62485751292368,11.1186356280464
"105","MLI",5.08249726606406,6.62493509647648,7.98127018016876
"106","MLT",9.84125736504311,11.1554512134455,12.948489797413
"107","MMR",3.12600460283546,3.76599285252033,4.55176791533994
"108","MNE",7.00263532218777,8.23930735594867,10.0325699740563
"109","MNG",3.57276786222372,3.85070601701675,4.20284244237181
"110","MOZ",1.67287440982982,2.13520370954206,2.74887014859059
"111","MRT",3.88325254568872,5.03898121730176,5.97529139072966
"112","MUS",5.49679690385444,6.20488766289434,6.91036614197621
"113","MWI",7.73123767775444,8.46377363942087,9.08967736369599
"114","MYS",5.83842653574107,6.5205427427162,7.61742472076882
"115","NAM",3.03632467766007,3.97779575746477,4.65788324018001
"116","NER",7.55019733162518,9.22186093733247,12.1541364654479
"117","NGA",11.9618221507038,13.0292311929824,13.9211270916874
"118","NIC",0.861101786238881,1.05259000135317,1.24637397871439
"119","NLD",9.1704923766755,10.1480645056848,11.4882904035699
"120","NOR",10.3341788636186,11.4295492557482,12.3325727894834
"121","NPL",3.35194888016558,3.78612476347778,4.82123071479697
"122","NZL",8.47123986790409,11.6939864497929,14.4533615666915
"123","OMN",1.90441504078089,2.87813050556184,5.7475991714081
"124","PAK",2.86431592432788,3.36035943665122,4.07236229046969
"125","PAN",4.85374958699493,6.02513050161925,7.4012939470662
"126","PER",2.11388534911996,2.96223159537235,3.94756363679849
"127","PHL",3.89973945830406,4.57106229206384,5.47112129121886
"128","PNG",3.25355447080016,4.06766751730359,5.06989239837423
"129","POL",8.45738816837415,9.31252763015061,9.9914223417683
"130","PRT",14.233228532047,15.3510376003097,19.9313622199494
"131","PRY",1.48488392228753,1.82234738768111,2.02747789440569
"132","QAT",5.10837318531607,6.94251490033234,8.8152994294
"133","ROU",7.60020053824961,8.96685984028261,10.0781908364859
"134","RUS",9.50945902923181,10.2090512983097,10.9808049511257
"135","RWA",2.32692588727822,2.6989546523035,3.15740586738458
"136","SAU",6.27909259489907,7.11828923956315,8.09342287408726
"137","SDN",3.31359831919785,4.43685923372847,5.63801612021524
"138","SEN",5.9630616338774,6.77407056596638,7.74069015428432
"139","SGP",22.3521172047309,26.5241612151668,27.7598268919467
"140","SLB",NA,NA,NA
"141","SLE",5.40796573755117,7.24693005364004,8.70748485840025
"142","SLV",3.21096516086188,3.71574857347699,3.95939001192882
"143","SOM",1.87460103364413,2.17247461555259,2.53425542095351
"144","SRB",10.3987788483527,12.2821661174416,14.2756137224074
"145","SSD",NA,NA,NA
"146","STP",5.3693248498571,6.37594922457901,8.35242424410536
"147","SUR",6.64336828053796,7.5569628126366,8.0231992800813
"148","SVK",8.82500516804723,10.3899420198136,11.2010259335031
"149","SVN",9.36347872587644,10.4633124485186,11.7385429883546
"150","SWE",5.86744203541391,6.58698077603083,7.49486415672007
"151","SWZ",1.93094441014195,2.28263503657255,2.66270170172026
"152","SYC",6.15116581332409,7.88079803822578,10.3887289386267
"153","SYR",3.14945803471741,3.91144965625125,4.83496395657454
"154","TCD",5.052351686855,6.96227279130583,8.74869544101125
"155","TGO",4.55442260156133,4.94902181493578,5.4261746785423
"156","THA",7.23474872643295,8.83512203546788,10.234884470087
"157","TJK",2.4696242192603,3.36481283689771,4.29813861624666
"158","TKM",NA,NA,NA
"159","TLS",3.8311344014293,4.20172668088762,4.44292835358045
"160","TTO",7.93341976542267,9.30271677638314,11.2442567727701
"161","TUN",3.7349717060148,4.30422962074714,4.90892226135515
"162","TUR",5.99477926062649,6.94661157091226,7.64274204469397
"163","TZA",4.76558054403896,6.18749895047377,7.4394691546241
"164","UGA",9.84275316296412,11.2384165070336,12.3703682508181
"165","UKR",4.64433892987638,5.49114239622479,6.29469715003703
"166","URY",11.9376495645946,15.8715477399833,19.3360752067925
"167","USA",9.67328600790911,10.6110217327572,11.6220570921631
"168","UZB",3.80203868817769,5.0534821926833,6.16732688673992
"169","VCT",4.3700850587595,5.92648748888271,10.1697259865793
"170","VNM",5.01708476330224,5.94668368474457,7.0590507679179
"171","VUT",0.00894505647398995,0.0890640003501237,5.48763694312162
"172","YEM",NA,NA,NA
"173","ZAF",4.66552113910458,5.78704473090824,6.97979763996423
"174","ZMB",4.00974428841039,4.67907052447299,5.22066237524272
"175","ZWE",2.60832579235706,3.01611132870895,3.45100212550975
