"","iso3c","disc_exwelf_total_low","disc_exwelf_total_med","disc_exwelf_total_high"
"1","AFG",50123862.2368756,54027410.3600035,57235708.5511982
"2","AGO",301353551.548723,329481556.0887,365632306.416983
"3","ALB",394730159.392131,478559982.164593,529221268.925962
"4","ARE",12293845534.3619,13621676295.3881,15567785815.3764
"5","ARG",12615788948.1502,14674843741.3783,17209095542.2539
"6","ARM",159109556.044844,180705098.639023,196770721.147298
"7","ATG",68043802.2975973,78490421.3042989,116266095.126418
"8","AUS",78813528386.3582,96773643866.1068,143882818836.495
"9","AUT",24741186431.1308,26253423241.6254,28575947270.5629
"10","AZE",1839452335.04617,2034461409.71048,2141959339.56111
"11","BDI",194.864161280522,391.959661098559,755.624359943444
"12","BEL",61198374183.7215,91062234336.0438,119822847859.232
"13","BEN",16761598.4683427,20115287.7263999,23926445.343345
"14","BFA",9696576.88030586,11026223.8388373,14014872.7159436
"15","BGD",2614707140.21488,3081881591.75515,3843799721.56512
"16","BGR",2497008635.23676,2969777616.27669,3238685865.6082
"17","BHR",1010789648.70864,1132303346.47249,1358313608.17571
"18","BHS",329354310.052769,385686750.417165,424937406.711078
"19","BIH",456422684.118149,542469001.812506,616497419.882312
"20","BLR",1438358372.78278,1655688274.31295,1994187416.30331
"21","BLZ",44474729.3120634,54399903.6769916,59534685.1444758
"22","BOL",396144791.295309,452115240.766441,491151337.49815
"23","BRA",74678302024.9676,84018779310.6798,89775651799.3593
"24","BRB",115343401.721969,164260382.277046,218229563.758262
"25","BRN",633694562.380265,754300260.772612,968106405.341051
"26","BTN",85807692.8095043,93080503.1610386,99829803.8180713
"27","BWA",128589776.691972,166041166.957573,194563053.079308
"28","CAF",4389663.23087779,5331886.14713854,6428820.27052286
"29","CAN",179687684222.425,196835963821.684,274374107261.448
"30","CHE",36212583320.2213,45318056583.1982,66356559122.5181
"31","CHL",27226985571.0589,28911949305.4783,32128357997.8266
"32","CIV",228537878.697256,256502244.169176,282941468.726268
"33","CMR",67245750.606462,79529210.3688196,91202854.7949262
"34","COD",2027433.64540006,2340635.7757292,2718003.86310245
"35","COG",40476964.1695594,44977729.9618445,50615432.2093158
"36","COL",6272435574.98019,7484731897.80222,9306207257.54235
"37","COM",13625915.6868917,15856200.0462221,17886676.0949249
"38","CPV",33484016.6671052,37560910.8637625,40500632.108042
"39","CRI",2577162666.59352,2951006472.39761,3226547913.04044
"40","CYP",1921110624.12765,2431834954.61292,2918559081.44772
"41","CZE",15184469204.7563,18062895705.2595,20460638409.4352
"42","DEU",382118290571.268,410706561816.174,446781912119.413
"43","DJI",7553678.99451382,9161968.27353327,10554982.0774503
"44","DNK",28374477212.0039,30861675683.832,33907234709.8142
"45","DOM",1396494713.96745,1714057533.8981,2090083651.33999
"46","DZA",527138447.579749,652969361.24029,859011147.066135
"47","ECU",2576623289.30575,3141583386.48862,3999175429.14364
"48","EGY",2446356900.45918,2830627230.48867,3213166297.30794
"49","ESP",145311195610.923,161486357359.703,183447074183.694
"50","EST",2420520590.75828,2752123609.50607,3018944791.4884
"51","ETH",150397373.560157,176485587.533499,194559412.050746
"52","FIN",22236096626.3392,23986414025.0341,25786524542.2316
"53","FJI",155492426.379413,177544948.968049,204013262.227792
"54","FRA",254710336222.733,299796390143.884,383940560690.815
"55","FSM",24.204471050969,4094.63815162424,822206.659289915
"56","GAB",80854355.6715207,93371050.6247732,103711211.690224
"57","GBR",198256769935.022,261912460927.848,400047671112.396
"58","GEO",517318971.745769,557540871.455836,642248832.318085
"59","GHA",192809107.607476,213046265.913728,236358844.9316
"60","GIN",48532326.5891117,56047925.2182407,66130695.2550515
"61","GMB",5968942.72550685,6661058.30224244,7398819.82213298
"62","GNB",3846869.12302045,4570120.6104973,5730904.3520157
"63","GNQ",66447816.427257,113184010.982497,132834033.579797
"64","GRC",19010847983.9257,20659060859.2319,22107291437.0603
"65","GRD",2738573.01971985,3830640.06450599,15385828.5949689
"66","GTM",1435590772.34918,1624215430.5006,1898104713.57806
"67","GUY",207727498.501962,232732982.052395,249501239.011712
"68","HND",232232650.708656,293490012.396167,324604638.02102
"69","HRV",3846836014.62146,4488407028.89035,4931160714.93506
"70","HTI",1918545.33571805,2373918.72760564,2916950.49303644
"71","HUN",8670587835.20589,10184227193.0368,13371600761.9245
"72","IDN",15530816894.8904,18792906993.2417,21538125496.2042
"73","IND",54855643851.1137,61289716540.5156,64210776790.1438
"74","IRL",42508563203.0571,45066452805.3245,46878437548.4582
"75","IRN",4688972816.30309,5376631602.46958,6503190612.24437
"76","IRQ",613071706.393941,773127255.212437,946076534.389177
"77","ISL",2008957250.47679,3071403927.79543,3792247226.58165
"78","ISR",22267770242.9539,24703233723.5519,27261715087.446
"79","ITA",182977378550.284,201955090674.465,220625059830.441
"80","JAM",100833065.59774,121996317.386126,141316037.317642
"81","JOR",994351117.362628,1111392626.7243,1204306841.45153
"82","JPN",127325420502.293,158390762256.096,191443230468.595
"83","KAZ",4697230352.20722,5166308675.01259,5731620835.13602
"84","KEN",283023828.866204,323332995.46807,357925416.054513
"85","KGZ",29518828.5308296,38519895.1584771,50244230.4825284
"86","KHM",950591334.811383,1008544428.57583,1077271061.26943
"87","KOR",164201896491.012,187255141070.736,211755710962.245
"88","KWT",4460319795.79394,5000580683.47774,5869655581.77256
"89","LAO",368825152.779626,390016801.550687,414839553.96656
"90","LBN",532467370.068993,623215552.24247,712750738.821787
"91","LBR",6103407.44972145,7014227.81005323,8325093.93806491
"92","LBY",374002174.026641,424232596.979031,479955398.306407
"93","LCA",35672826.7768317,39505722.0172221,45295197.2662976
"94","LKA",2749214091.86741,2944672203.6532,3277237941.89146
"95","LSO",9944505.78750221,11656482.4514203,13406111.8852212
"96","LTU",5143758771.42622,5660588369.53734,5864903567.62081
"97","LUX",5418995078.86331,6314003510.10642,8252947024.80959
"98","LVA",2370536795.32147,2761636983.69359,2954101308.82239
"99","MAR",2962532158.06291,3335478760.87101,3769324048.37962
"100","MDA",359285224.91976,408874442.296967,442149210.66668
"101","MDG",12757777.2010398,15489194.483563,17727709.8449241
"102","MDV",230444429.304453,252717769.391032,291479742.376071
"103","MEX",29475072689.7445,34682351199.54,38625775359.1676
"104","MKD",438374563.70809,518718899.298829,599224084.817963
"105","MLI",15702447.2781718,20467830.798125,24658247.2466332
"106","MLT",1495207071.87138,1694875860.4269,1967296738.31282
"107","MMR",480559832.243261,578945050.751017,699742036.151174
"108","MNE",170749027.425417,200903467.474555,244629555.421766
"109","MNG",353358453.267253,380847447.870023,415674894.656638
"110","MOZ",35972679.960492,45914384.9905777,59110370.4660403
"111","MRT",52287619.2072862,67849393.7705545,80456719.5192906
"112","MUS",443784097.975597,500951831.163089,557908661.833148
"113","MWI",30885830.0041552,33812267.1578156,36312714.9299173
"114","MYS",17002381309.2443,18988806894.4957,22183093150.8906
"115","NAM",45349176.0820456,59410563.5510298,69568043.4910922
"116","NER",26463634.7244655,32322858.4110202,42600559.1225634
"117","NGA",959729264.147126,1045370371.47874,1116929585.76698
"118","NIC",45435289.9405368,55538999.7608532,65763843.4877418
"119","NLD",66665268488.3315,73771768965.1076,83514595810.9995
"120","NOR",36881435168.7139,40790679689.8512,44013461524.2676
"121","NPL",370072840.825903,418008149.000262,532289307.113142
"122","NZL",15716755030.6462,21695940999.0788,26815430403.9617
"123","OMN",918709081.173861,1388439271.71409,2772699984.32421
"124","PAK",2415795959.05753,2834164583.27577,3434675721.89805
"125","PAN",1822367129.57947,2262168573.1372,2778856750.58891
"126","PER",2776006368.87703,3890075579.67411,5184037914.76306
"127","PHL",5471138381.10062,6412970562.75352,7675708083.60154
"128","PNG",19456103.8370289,24324461.8467092,30317719.8447438
"129","POL",31405121414.3813,34580541306.2746,37101505275.4658
"130","PRT",32260971029.5479,34794591977.6408,45176334920.0392
"131","PRY",226018530.691291,277384833.110908,308608348.319036
"132","QAT",6950305639.12824,9445786106.66365,11993842875.63
"133","ROU",7950300735.96386,9379914652.08129,10542438666.0922
"134","RUS",71268747200.519,76511849296.5562,82295765691.2272
"135","RWA",81284814.5647243,94280625.6230624,110295369.456793
"136","SAU",35293668578.8658,40010644447.8522,45491698086.8696
"137","SDN",31191286.3098338,41764671.9199071,53071301.3723589
"138","SEN",89267278.6019843,101408115.764925,115878450.86968
"139","SGP",80802644634.0639,95884535377.7994,100351452477.994
"140","SLB",445537.827345145,6063192.08949232,21239169.5891047
"141","SLE",10386831.4919005,13918845.8199873,16724066.3738807
"142","SLV",594825836.124503,688336104.977737,733470267.163038
"143","SOM",7451238.15600388,8635237.82278483,10073258.4431367
"144","SRB",3011838969.63844,3557331787.08227,4134701809.8633
"145","SSD",3236229.00821119,4249762.11177634,5169930.81828218
"146","STP",6081884.15847784,7222096.94301849,9460868.5664572
"147","SUR",77175242.0526095,87788364.2182444,93204579.4135104
"148","SVK",4960096272.7022,5839669405.82233,6295539314.17164
"149","SVN",3236411575.85824,3616560310.71266,4057333553.41865
"150","SWE",26612248933.1453,29875773986.6124,33993551100.2747
"151","SWZ",22573764.7108056,26685214.7403053,31128395.718692
"152","SYC",62525553.1531201,80106970.2203017,105599660.805508
"153","SYR",11695129.2937762,14524692.4873089,17954050.4999809
"154","TCD",2737763.99370954,3772710.40177448,4740735.57322789
"155","TGO",34646604.1952081,37648416.7096722,41278234.9879141
"156","THA",22567746430.2528,27559878209.4932,31926233542.839
"157","TJK",59597155.4903605,81199913.846252,103723001.027379
"158","TKM",684138091.758832,949700477.428857,1122497023.4853
"159","TLS",50925682.9721987,55851812.6659516,59058006.6097965
"160","TTO",901742538.890812,1057382023.45971,1278064813.1604
"161","TUN",772484434.763854,890221037.10242,1015286416.2949
"162","TUR",29342010900.1258,34000843662.6483,37408119737.6439
"163","TZA",60272000.542384,78255510.876936,94089625.5511669
"164","UGA",107657722.711162,122923160.623324,135304182.979275
"165","UKR",2597786829.86392,3071441945.38788,3520906118.44804
"166","URY",5608353750.52433,7456514267.11019,9084162616.7402
"167","USA",1375755146678.31,1509121900088.59,1652913482187.89
"168","UZB",836212569.648847,1111452480.25969,1356429191.49175
"169","VCT",8233240.25049315,11165502.4287706,19159763.7582273
"170","VNM",10470588672.0759,12410649164.5005,14732144361.3644
"171","VUT",12689.3560611088,126345.184734795,7784699.7733156
"172","YEM",19922875.7927485,23092777.190934,25928377.7020122
"173","ZAF",4958975607.0934,6151041395.39707,7418816721.01343
"174","ZMB",36946609.3252989,43113919.052868,48104257.8587591
"175","ZWE",143562781.132873,166007379.839054,189943857.583038
