"","iso3c","discmonqalys_pgdp_low","discmonqalys_pgdp_med","discmonqalys_pgdp_high"
"1","AFG",0.121373831031103,0.130734285208775,0.13789661818389
"2","AGO",0.269368154083516,0.288962922105199,0.315716826133393
"3","ALB",1.78225694789765,2.16871123703666,2.40776400230594
"4","ARE",2.0200619922512,2.23045380761215,2.59813445707412
"5","ARG",1.97101704466365,2.29933239942656,2.69520979177729
"6","ARM",0.932329350086191,1.05791462521268,1.14467596789255
"7","ATG",3.50505590905506,4.06116638665163,6.28004853171438
"8","AUS",4.02402381132213,5.02466653438232,7.92436722586006
"9","AUT",4.2922162673494,4.55047330831337,4.95015981619236
"10","AZE",2.65212836700092,2.947524593325,3.09559618445671
"11","BDI",1.01790504529775e-06,3.39060785192029e-06,5.95905417825597e-06
"12","BEL",8.84650866559527,13.5707398049999,18.1043351254763
"13","BEN",0.0561998163626222,0.0665714873109696,0.0782556175989581
"14","BFA",0.0215183620731109,0.0243858973222256,0.0305064483033924
"15","BGD",0.43655668544979,0.508932357195623,0.630244429231276
"16","BGR",2.49394762030039,2.97287129682262,3.24315331713722
"17","BHR",1.91159627524083,2.14523988533093,2.59800964724226
"18","BHS",2.41456579928757,2.83942512986606,3.12124042463143
"19","BIH",1.59152143664092,1.90021764711831,2.16674668066598
"20","BLR",1.66447428870029,1.92913834269929,2.33526180351205
"21","BLZ",1.31498546279251,1.63525652147092,1.7946767812162
"22","BOL",0.653760024152782,0.750087725320523,0.820570063104104
"23","BRA",3.49869596357006,3.97544764259208,4.24419368941801
"24","BRB",1.67267506615227,2.45428327338915,3.30176443041578
"25","BRN",3.6369132780027,4.23117283995894,5.41761882757218
"26","BTN",1.99608735914655,2.14372210622656,2.29829766130715
"27","BWA",0.525410208242893,0.681178676407194,0.796697912398956
"28","CAF",0.0628523158390459,0.076081207998365,0.0876728320474946
"29","CAN",7.59565030525523,8.32132529683988,12.0251102688583
"30","CHE",3.79804371961058,4.79981652264634,7.11569124004766
"31","CHL",6.9852412083639,7.44366095121619,8.40188035234511
"32","CIV",0.190215247258613,0.214810891303253,0.233167031397131
"33","CMR",0.0903941760955452,0.108789554085007,0.125401217673396
"34","COD",0.00139905619872052,0.0016073882307707,0.00184069129530519
"35","COG",0.166925492420909,0.187344105302012,0.210508569885768
"36","COL",1.53004595263269,1.83396631388374,2.26363753208748
"37","COM",0.61397434853925,0.717882482121841,0.80689697950946
"38","CPV",1.09509656006634,1.25197202765656,1.35852152454537
"39","CRI",3.26675378787246,3.77512525311108,4.15744959633835
"40","CUB",0,0,0
"41","CYP",5.20184527347865,6.66792902904983,8.0864422897976
"42","CZE",4.3694001034543,5.24112254515595,5.95466610923408
"43","DEU",7.52749681535904,8.10488660293032,8.84352845606593
"44","DJI",0.182516698953031,0.220927295804597,0.250153752395072
"45","DNK",5.84350888408081,6.39001552128447,7.05985793735697
"46","DOM",1.03934140916638,1.29918866984935,1.61765251535248
"47","DZA",0.155270367677197,0.194911861629642,0.255974976525887
"48","ECU",1.72320940539393,2.08691471063558,2.66867978817202
"49","EGY",0.393727471981517,0.459457567750067,0.520133952453691
"50","ERI",0,0,0
"51","ESP",8.39995390247241,9.32817373371103,10.7262244437048
"52","EST",5.59069802281433,6.37945583962082,7.00715248710745
"53","ETH",0.0623056838136938,0.0754325669523196,0.0843699591863823
"54","FIN",6.53723739609679,7.02328518715134,7.56305967152365
"55","FJI",2.91288981794297,3.34783289337113,3.90229572812425
"56","FRA",7.32099945722983,8.72573422573327,11.3881727155461
"57","FSM",3.97904862622141e-06,0.000579954524367602,0.118260969544891
"58","GAB",0.309776441804244,0.362796229545989,0.403662837299462
"59","GBR",5.41314237202087,7.25999556603859,11.3441806520581
"60","GEO",2.22579727677077,2.39747584246294,2.76897787960937
"61","GHA",0.154401942769333,0.172018393272015,0.190497951731883
"62","GIN",0.127063384973081,0.146084074496923,0.169515526497287
"63","GMB",0.131809074569758,0.146966623017394,0.162749502503256
"64","GNB",0.0902352528194289,0.106544105755503,0.127164706758921
"65","GNQ",0.310743853283968,0.602401920803903,0.729020055301199
"66","GRC",7.26989354418617,7.90903389600299,8.45962495550247
"67","GRD",0.199630703180671,0.276637900383383,1.22174688758122
"68","GTM",1.36475769268242,1.5475991264322,1.82940803700892
"69","GUY",2.11672909843286,2.38068872125802,2.5545807936777
"70","HND",0.562549362722475,0.723103372492304,0.801882859676061
"71","HRV",4.78126902136384,5.57600467844817,6.12082645614965
"72","HTI",0.00559366067072651,0.00684786522494907,0.00827248902951555
"73","HUN",3.79099100624838,4.525514024143,6.03297239366614
"74","IDN",0.913592536785865,1.0970022083838,1.25844377821958
"75","IND",1.18416141235857,1.33777276059864,1.39852148197605
"76","IRL",6.76428069696587,7.18866300278995,7.47819961960494
"77","IRN",0.938049807425855,1.07186653983345,1.29461967476576
"78","IRQ",0.216358841108751,0.275091200352686,0.339375244995806
"79","ISL",6.57261335186033,10.271289097902,12.916199883417
"80","ISR",3.7418594671648,4.14752471732168,4.55971927860862
"81","ITA",7.11976119428326,7.82167680530235,8.54734386805038
"82","JAM",0.532081837769161,0.654706142625564,0.763555589383656
"83","JOR",1.69930738563636,1.8950048937419,2.04133447491846
"84","JPN",2.05351918981175,2.57732465201399,3.14023658397098
"85","KAZ",1.94569000525747,2.14455609715465,2.38637884843897
"86","KEN",0.172939611062568,0.198108886751596,0.217546442650327
"87","KGZ",0.181062123700028,0.24985387873243,0.340791805583436
"88","KHM",1.63472589810755,1.72411119018131,1.82880299573332
"89","KOR",7.51945802602163,8.62635464192954,9.81922233488621
"90","KWT",2.44905515315732,2.7488849438285,3.1553595412701
"91","LAO",1.26044575768112,1.33281479432681,1.41452039640418
"92","LBN",1.71002735258294,2.01363699769809,2.29434925954871
"93","LBR",0.076092494517484,0.0867181658508461,0.0982943616886631
"94","LBY",0.798013815738567,0.920449896457229,1.05261740555554
"95","LCA",1.58115606652238,1.75610021759751,2.01016409136921
"96","LKA",2.05415278313345,2.18973402825243,2.43008966238078
"97","LSO",0.220227151321323,0.256105981452189,0.293182807023429
"98","LTU",6.60590213079318,7.2678942510226,7.5287449995097
"99","LUX",5.25284915550601,6.17720964046026,8.28086121479159
"100","LVA",5.27210728236302,6.16190623071592,6.59457172032503
"101","MAR",1.48161821700046,1.70438504701801,1.95973056288818
"102","MDA",2.1919845442549,2.50621324002335,2.70967192379352
"103","MDG",0.0324597429725735,0.0412514984715765,0.0474816629597442
"104","MDV",3.3143975906241,3.66292838764855,4.27017881679342
"105","MEX",1.83443716970136,2.17869845483983,2.44466459777108
"106","MKD",2.55789055632867,3.04900245171591,3.52164436560257
"107","MLI",0.0325975494008515,0.0457066151838983,0.0553858962109734
"108","MLT",6.41889688562717,7.29936816267183,8.52526303908497
"109","MMR",0.470643602158447,0.560945328131384,0.67044229960958
"110","MNE",2.41803458054644,2.85017039654397,3.4666669075843
"111","MNG",1.5709239586376,1.68279961764501,1.82301143007076
"112","MOZ",0.0869149614740196,0.10952528599698,0.138460764324388
"113","MRT",0.355867732042931,0.466454456453045,0.555104673581524
"114","MUS",3.08118887396794,3.46180003566402,3.82485029116663
"115","MWI",0.121330436568396,0.129952223301907,0.136482496065055
"116","MYS",3.57362089854012,4.03436799619466,4.81795842616225
"117","NAM",0.269180564940634,0.359914117265554,0.422962791266622
"118","NER",0.0866617882974687,0.108934512957722,0.158426932466198
"119","NGA",0.139540150322156,0.15213413633837,0.16071911247364
"120","NIC",0.211544677380144,0.255806722894299,0.299693998744339
"121","NLD",5.30729024350114,5.91786650429821,6.74998087461749
"122","NOR",6.18200193704152,6.85369872936692,7.38485078216625
"123","NPL",0.614434327603865,0.695690857308698,0.910364656294734
"124","NZL",5.02696521580055,7.21376271502531,9.09497841595005
"125","OMN",0.770988781842571,1.04893323814677,1.98268393727359
"126","PAK",0.444407419256935,0.510429871358796,0.619283431683925
"127","PAN",2.147822147272,2.68237751098923,3.32439518157168
"128","PER",0.912128732723821,1.27305796186987,1.71287164440409
"129","PHL",1.03504137209126,1.23393968629381,1.5110137207414
"130","PNG",0.045721757757146,0.0585070962430489,0.0733449868292951
"131","POL",3.78020718830043,4.16768694777938,4.47458499458267
"132","PRK",0,0,0
"133","PRT",10.8411331152494,11.5828189202277,15.4087253600121
"134","PRY",0.460890626248195,0.567680864898528,0.631059915765507
"135","QAT",2.84842828447304,3.87232781762991,4.93895609190523
"136","ROU",2.31803104414298,2.73432215389995,3.07648276719494
"137","RUS",3.28079019634096,3.52174195892397,3.77834206720872
"138","RWA",0.34396766346693,0.395924554564811,0.453353898239976
"139","SAU",3.23459462416396,3.61280472758885,4.08338431040029
"140","SDN",0.0455206043120315,0.0614991160791451,0.0784007829346837
"141","SEN",0.189160385551815,0.216550840000473,0.241523852046994
"142","SGP",16.6350999161543,19.8954217809502,20.7556420182422
"143","SLB",0.0119275497493219,0.15421429832486,0.631056071753747
"144","SLE",0.0585846801313937,0.0859509483679873,0.104308645241325
"145","SLV",1.46022742521018,1.70930309877863,1.81506996687129
"146","SOM",0.0447655229668004,0.0511235181573656,0.0577718798770116
"147","SRB",3.78377634047525,4.46428429790723,5.19544837545024
"148","SSD",0,0,0
"149","STP",0.708436994167963,0.843885818273635,1.17403249923098
"150","SUR",2.10895716470633,2.41688846239692,2.56311340164154
"151","SVK",3.47498731401143,4.09724441419519,4.41662619314321
"152","SVN",4.49063591990596,5.00474864020725,5.60237843891862
"153","SWE",3.48791556696593,3.93393848546787,4.5128833346219
"154","SWZ",0.313431516584296,0.377227673134549,0.440289533355497
"155","SYC",3.21866805096455,4.1196644460063,5.42787688629178
"156","SYR",0.0338719315456114,0.0433193798785417,0.0542222634718689
"157","TCD",0.00907764890476311,0.0124535521487953,0.0152541167557918
"158","TGO",0.168404661909314,0.181912194923332,0.198663496801206
"159","THA",3.67597436461908,4.52296030367858,5.27221838543511
"160","TJK",0.298399776732144,0.423497286588927,0.536214353560762
"161","TKM",0.97388824280222,1.41360776024868,1.70820115526587
"162","TLS",0.992409074989925,1.08615611400759,1.14099109431238
"163","TTO",2.98565769427675,3.53707545879016,4.29952981855811
"164","TUN",1.00277544982848,1.15854310970078,1.30073370561235
"165","TUR",2.9343197469166,3.4162236540061,3.76503344884149
"166","TZA",0.0332044070349248,0.0449259359037142,0.0536817954391559
"167","UGA",0.120922469233123,0.137976017099802,0.149452107013482
"168","UKR",1.01273938894848,1.19992224201427,1.36892058545707
"169","URY",8.17941547670142,11.0295702122285,13.5505888823868
"170","USA",4.85046405559416,5.30597306436638,5.77770191151613
"171","UZB",0.43959226174576,0.608666627839536,0.753887638273244
"172","VCT",0.756842631202458,1.0421273186617,1.88129097143255
"173","VEN",0,0,0
"174","VNM",2.01064669810712,2.43766234959792,2.97177124989947
"175","VUT",0.000742188731228552,0.00637560126205819,0.285478939195047
"176","YEM",0,0,0
"177","ZAF",0.935563865364861,1.15097525771383,1.37944934757502
"178","ZMB",0.102433467599674,0.11968747852592,0.132744329240656
"179","ZWE",0.315665901630414,0.361919088179092,0.408895487669464
