"","iso3c","averted_hosp_monqalys_low","averted_hosp_monqalys_med","averted_hosp_monqalys_high"
"1","AFG",186308.953946302,202760.089522042,214618.88939485
"2","AGO",1684037.3975544,1805120.11921613,1967471.55774
"3","ALB",3617540.44854268,4361189.7226727,4721274.46036546
"4","ARE",84410051.8324616,102741812.185763,112317931.504502
"5","ARG",99091503.7699566,114860018.868346,132925644.210575
"6","ARM",1221158.01010894,1390201.08000067,1534728.38201422
"7","ATG",521574.157582054,581372.048524482,641236.313215618
"8","AUS",580675117.383314,661201557.98626,717723260.658765
"9","AUT",226733687.617649,243581485.892158,270854157.668651
"10","AZE",14066532.3229931,15611657.4596823,16400091.8847742
"11","BDI",0.663209191038916,1.03596918470152,1.72778470773772
"12","BEL",307547042.824419,395493009.863792,477588332.098714
"13","BEN",97408.1093639163,116452.782111982,138820.05665903
"14","BFA",45317.5363880947,52201.1287885993,67002.8099317794
"15","BGD",15769225.7734439,18138055.3544655,22528802.41574
"16","BGR",22863977.8672273,27019455.6028758,29523070.2343126
"17","BHR",7565926.68492433,8789089.2150136,10755920.9679434
"18","BHS",2622704.30090174,3049555.33999844,3319808.91127334
"19","BIH",3665431.6725807,4408531.47592801,5059615.25289945
"20","BLR",12435369.8758682,13926955.6354451,16783441.9142511
"21","BLZ",257879.080591083,317252.205792957,340108.686198734
"22","BOL",2449021.23637606,2817501.10083378,3083253.12062935
"23","BRA",541092309.387093,602977770.044646,643941785.849699
"24","BRB",1335054.56998513,1701266.35885158,2046105.62193683
"25","BRN",3683619.57499314,4995700.17766292,5928941.78222051
"26","BTN",493314.943011524,558654.930747924,595214.501041001
"27","BWA",1218825.57989222,1552272.22799793,1758801.47059765
"28","CAF",17584.9194353185,21366.3070646403,24924.2493585102
"29","CAN",1135005678.79469,1367612271.56566,1416845781.09132
"30","CHE",302665917.144201,346752140.05881,434369511.476869
"31","CHL",195314280.705161,209194788.70604,217642608.719694
"32","CIV",1302631.42074273,1492217.97760128,1622658.77826942
"33","CMR",395443.288081439,478519.409789502,557690.918161076
"34","COD",7538.33700137595,8712.00745942721,10038.0874782203
"35","COG",243066.740164546,276992.036399429,311604.474072529
"36","COL",46598664.464114,54364027.2288275,65452487.9248144
"37","COM",69395.2927680084,80008.1940723022,90194.5654263198
"38","CPV",203390.596929103,226188.452020412,241367.464029381
"39","CRI",16288504.8960288,18204636.3115666,19575206.8694692
"40","CUB",0,0,0
"41","CYP",15253595.2199723,18093622.8415744,20480343.54586
"42","CZE",135556869.821625,153673587.583203,169815562.951032
"43","DEU",2924129057.15418,3085250602.91225,3340509881.76367
"44","DJI",68007.2710394165,82109.8204136416,91621.4230045992
"45","DNK",246139611.763074,259860252.853908,279617894.042074
"46","DOM",11527587.3768693,13551393.6889493,15545153.1130478
"47","DZA",4721563.61131398,5589731.71981165,6964978.4580803
"48","ECU",18903268.7198536,21975214.9484384,25602253.3464407
"49","EGY",15725831.4185475,18575573.681275,21116704.4949989
"50","ERI",0,0,0
"51","ESP",986865090.82187,1153098172.95213,1197082161.35817
"52","EST",20123448.7424842,22439968.5715337,24398000.1771047
"53","ETH",780842.691261925,896477.549158723,972480.844903331
"54","FIN",146727699.668596,179035037.655899,191327881.884736
"55","FJI",874701.339229657,1027156.04502648,1159840.49063319
"56","FRA",1887504604.80525,2022500323.05167,2205780859.08255
"57","FSM",0.323588551629141,52.9546561255514,6078.83595663808
"58","GAB",689856.79635573,777195.92225491,856898.230501974
"59","GBR",1249472767.73439,1518655384.81218,1805122333.53017
"60","GEO",4301176.43921229,4665440.61781561,5393141.44732028
"61","GHA",1235393.87115984,1312667.32156452,1456508.68182389
"62","GIN",210805.218242401,242367.567013083,282115.421388483
"63","GMB",25822.5511532337,28638.3084377414,31615.9846954221
"64","GNB",17190.5897340939,20497.0438225023,24781.2588144202
"65","GNQ",629194.892186958,808137.121612655,870125.338973534
"66","GRC",138734528.269637,150564655.75834,162256500.854125
"67","GRD",10647.0112320471,34306.8425505178,52997.3441907183
"68","GTM",8398397.72051672,10354658.117444,11698641.7887322
"69","GUY",1659784.41231918,1885009.41895808,2000995.32664134
"70","HND",1586489.28156996,1969585.39432702,2128998.38183306
"71","HRV",33383142.3767439,38745904.7107779,42029504.7168595
"72","HTI",13490.1656591764,16436.1467106327,20528.0811402836
"73","HUN",87791878.3025454,94389075.6681554,117473256.913714
"74","IDN",104653728.129714,122646217.789426,140239352.306083
"75","IND",344484784.279199,391358396.520787,405762940.041311
"76","IRL",337056718.476805,352188525.890946,367258861.102507
"77","IRN",30560456.4488853,34947461.8406906,41827789.9314034
"78","IRQ",4698831.03812279,5530059.90692682,6732782.73592027
"79","ISL",14146292.7660739,18773290.5489049,20265202.9545036
"80","ISR",174404816.467467,189095350.520893,200565619.848931
"81","ITA",1402712735.21651,1611789469.43471,1777321432.40556
"82","JAM",906798.808956131,1031742.603303,1153636.46931865
"83","JOR",6515047.60348793,7205763.09751819,7810680.80092454
"84","JPN",1153085303.90908,1380005092.82458,1597836934.51534
"85","KAZ",35320638.3869417,38821402.4472384,43011231.7094896
"86","KEN",1874030.77374317,2167099.48780473,2338716.22090047
"87","KGZ",242128.61946779,288508.854938042,340535.579478111
"88","KHM",5401114.42659021,5779229.05366299,6149646.27589533
"89","KOR",1303838028.99092,1439247402.07702,1601006096.56425
"90","KWT",31152631.4704161,34640803.0424436,40066206.6578027
"91","LAO",2107396.75633928,2228391.02106392,2359817.4346677
"92","LBN",4076433.49206031,4639300.84469143,5286466.36725995
"93","LBR",25786.0655631686,29725.8584255356,33936.2268919935
"94","LBY",2552524.51344854,2723644.74354622,3034630.52716723
"95","LCA",305215.025404218,333678.799195174,383716.396546726
"96","LKA",16862647.4069681,18236382.4578531,20014482.0919973
"97","LSO",70011.6864922503,80519.5853167717,90537.4621032434
"98","LTU",45523603.6023649,49991051.2791793,51670866.4680267
"99","LUX",37026398.0386339,43752879.2121062,49569393.7594529
"100","LVA",23162398.9503082,26466325.2340418,28221745.982591
"101","MAR",14632398.0860672,16319745.5264828,18099739.0400994
"102","MDA",3039437.81056821,3460480.21123823,3800453.37308278
"103","MDG",53819.6563969472,62433.5855153606,71806.163859274
"104","MDV",1372697.71777955,1488607.40181952,1642719.54889449
"105","MEX",199355099.061391,234262948.467009,255247610.750821
"106","MKD",4195394.45091247,4778822.44058606,5540205.13355067
"107","MLI",72425.283169144,86415.9590451217,103519.575308783
"108","MLT",11353088.6198017,13422850.5182635,14652422.4798127
"109","MMR",3130112.89163507,3622391.18761801,4303308.3043217
"110","MNE",1374669.96562209,1622397.74642379,1970989.75814703
"111","MNG",1935499.5028166,2096163.11050784,2281220.70602347
"112","MOZ",149515.49984584,186112.086669609,235495.607109541
"113","MRT",297822.357191457,387844.302650227,458112.643490416
"114","MUS",3364100.01080309,3797721.93529213,4226173.34881229
"115","MWI",146507.413372214,158098.005214662,167715.324783774
"116","MYS",96954628.4610855,110408668.639918,122066219.947913
"117","NAM",443015.091471057,571048.157288331,658936.726685018
"118","NER",85970.4035919531,108307.260319151,133743.387834156
"119","NGA",5663296.98849766,6208043.6682762,6612177.11014138
"120","NIC",271686.765014502,331052.328580862,391023.652550973
"121","NLD",575503970.794448,611933556.392421,666282736.508823
"122","NOR",296197100.636884,324509056.486891,351704245.117491
"123","NPL",2204757.50013894,2487092.17311016,3031875.2603355
"124","NZL",64801746.4367784,73653458.622977,97485111.1025613
"125","OMN",9641887.39686889,13691909.218057,23111866.2656212
"126","PAK",13424863.5538546,16254753.8225216,19254215.6605875
"127","PAN",15080177.2410189,18321084.3400105,20433788.8299024
"128","PER",22603101.8820931,29816363.6978854,38455224.7443843
"129","PHL",22730585.0794397,31434436.1417589,38229622.7916172
"130","PNG",149816.769546506,174888.365500236,209780.510902862
"131","POL",290877008.428768,318603552.861965,338742814.274516
"132","PRK",0,0,0
"133","PRT",193694910.516269,245347381.63448,282041873.119714
"134","PRY",1634291.23680176,2016708.04832278,2222434.95637079
"135","QAT",46296153.9264528,59738576.4724769,67307280.4375173
"136","ROU",73056365.5781412,86645296.8945626,95075003.1155368
"137","RUS",607979826.970689,656464542.486709,712946124.657451
"138","RWA",349963.621260547,398502.462200339,453914.50187324
"139","SAU",259923562.202533,296216185.176319,335910412.277707
"140","SDN",182664.499890035,241010.18590325,311595.024257129
"141","SEN",658708.802921495,730317.977854022,831772.51217928
"142","SGP",252999069.540522,306154328.344054,404213027.640923
"143","SLB",4387.24044874562,30728.589198092,59359.1831923104
"144","SLE",53518.2184659603,64640.8337383324,74120.6584435517
"145","SLV",3529542.2953007,4117886.88994645,4365448.09402261
"146","SOM",46102.4368131982,53258.5941895541,60485.0998110048
"147","SRB",27506365.280756,31517185.7616393,36611822.326723
"148","SSD",0,0,0
"149","STP",32847.7504348466,38606.064045256,42981.1476724177
"150","SUR",632983.271424967,724004.09563878,765484.033368233
"151","SVK",46351964.3118669,53462683.6333525,57764196.5413473
"152","SVN",24668197.9967343,27720946.3131103,31230284.6618364
"153","SWE",216258139.464342,237726932.863369,258012737.271524
"154","SWZ",175792.213843459,201211.357014202,229765.087791667
"155","SYC",442600.082062281,601234.567331526,798382.669118614
"156","SYR",51969.8212142465,63220.2543486509,78093.5893504655
"157","TCD",11989.5446758823,16860.3499508474,20832.0380201719
"158","TGO",132536.999238042,143911.010182097,155182.545910502
"159","THA",197188359.50087,232191575.494285,264218692.292005
"160","TJK",379936.991609419,485127.262653735,583013.986975273
"161","TKM",5197507.9648648,6728106.1836598,7599508.05839211
"162","TLS",314214.771254132,347936.204434474,361378.170343292
"163","TTO",6905055.85459626,7950468.6316796,9654983.26458607
"164","TUN",4355963.37785107,4982423.28375215,5550467.86785606
"165","TUR",207266241.308913,237133467.038286,262585869.389106
"166","TZA",263827.689981778,321722.333749859,380414.671229012
"167","UGA",453771.096706562,535225.468499803,571596.149824874
"168","UKR",20677312.2509127,24958376.2838375,28988485.4277167
"169","URY",14815168.2980519,16582697.032534,19364652.8961638
"170","USA",12180209307.7753,13415037903.1783,15001894795.0781
"171","UZB",3529965.75435288,4585186.28016973,5513916.45765047
"172","VCT",58438.5320598079,82381.55284591,107575.175664342
"173","VEN",0,0,0
"174","VNM",59642068.68907,66636366.5959644,70529663.5675906
"175","VUT",139.024197179314,1351.95320150094,34756.5269186298
"176","YEM",75768.6235289059,89210.9192121815,100698.222633886
"177","ZAF",43396637.6648157,50616152.8465003,57080186.7150048
"178","ZMB",242185.767961259,279484.241723643,310572.527017487
"179","ZWE",874955.937157365,1009735.67762955,1136916.39183021
