"","iso3c","averted_inf_qalys_low","averted_inf_qalys_med","averted_inf_qalys_high"
"1","AFG",10246.6116132439,11005.1092755886,11787.0338516502
"2","AGO",14887.6318081659,17138.6860359332,19937.4172601697
"3","ALB",1982.41635244834,2317.83627731065,2530.59867904877
"4","ARE",27929.0047907465,30545.5893184694,33547.2411500631
"5","ARG",67953.0313707129,77201.160130989,91873.8515478454
"6","ARM",962.931552415027,1130.22235498879,1339.46843300856
"7","ATG",150.28552667154,170.141708982747,202.444281631862
"8","AUS",71620.2814829107,81845.5529737344,89745.3231424166
"9","AUT",16515.7841886346,17512.2762442617,18924.2753654415
"10","AZE",12857.4255898182,13843.0123350108,14946.6448855473
"11","BDI",0.114315939095984,0.237530619076309,0.550654413156179
"12","BEL",38185.3845216658,43386.8262851171,49292.2809585528
"13","BEN",1015.33154935861,1273.56598796698,1583.97594616633
"14","BFA",1100.36714107897,1247.18789093443,1627.61546579685
"15","BGD",74657.867650767,92851.6866540659,119233.996883592
"16","BGR",4003.80367478649,4719.99227761817,5127.41314206579
"17","BHR",2552.02217283354,2813.92663377909,3227.33970080039
"18","BHS",395.59217685653,450.528384325064,516.742444957912
"19","BIH",1879.4292277726,2079.68848245093,2261.61693483275
"20","BLR",5815.54743192894,6409.75147520288,7435.74961186842
"21","BLZ",512.321289165069,588.018494458014,641.419281305616
"22","BOL",9550.87441325119,10724.599600888,11442.0048273886
"23","BRA",467042.414404049,499126.402305152,536777.869770261
"24","BRB",272.70831095132,347.747988624236,458.144045156975
"25","BRN",826.217903324101,1073.5174082103,1474.65979342671
"26","BTN",2264.88175897136,2498.21595744914,2689.72493454837
"27","BWA",706.160445919166,911.051505326372,1129.9646468255
"28","CAF",1012.51185143602,1233.75793430679,1632.74965178634
"29","CAN",125371.518878959,132591.177672074,147624.38690625
"30","CHE",13929.6600635297,16455.8963396513,22267.0134410867
"31","CHL",74527.353499154,77015.099073213,79395.0480763328
"32","CIV",9683.40720072264,10685.3083026368,12296.023094432
"33","CMR",3677.66769478479,4102.7234814116,4574.46760939356
"34","COD",391.65913397203,451.213041670013,538.593821413125
"35","COG",1584.7624442381,1727.72110755327,1929.01887750091
"36","COL",48202.6459341366,57141.4211206174,76233.8877495702
"37","COM",932.267321264931,1077.84826445569,1228.02718271123
"38","CPV",716.831041053671,767.679302427623,820.538737105774
"39","CRI",8808.08540916195,9541.06203996825,10059.9394579408
"40","CUB",33517.8823690178,40888.2119803058,44104.7591172496
"41","CYP",2337.43556713183,2759.26016176621,3120.11308051438
"42","CZE",18214.4208364838,20537.4793697572,22928.0588109975
"43","DEU",224810.990615608,241448.563678035,255310.073908395
"44","DJI",102.882667462226,128.203878142851,178.57845704432
"45","DNK",15600.4717078735,16411.8692831088,17292.7535844828
"46","DOM",12520.9618723853,14684.687781588,16912.5209093259
"47","DZA",10415.4466219124,13245.0100238208,18845.9277064883
"48","ECU",30291.583949207,38764.9437623475,50276.7137159827
"49","EGY",49598.2166559037,56240.8092487276,65366.3082732137
"50","ERI",0,0,0
"51","ESP",151824.308952558,162922.417884965,172090.548033199
"52","EST",2630.67436976534,2897.44637063873,3134.8436300255
"53","ETH",13761.7387339354,15435.0815661687,17221.0475028176
"54","FIN",13648.0831416381,14587.3399437444,15462.3353401079
"55","FJI",1390.24275776565,1559.10069847982,1665.65629411531
"56","FRA",181538.969146627,198002.26023252,224301.692755061
"57","FSM",0.000257440700482746,0.115928763937302,28.6685748404024
"58","GAB",548.152564490503,604.503125589303,676.269896090131
"59","GBR",138082.905299673,164941.734991085,215996.739921403
"60","GEO",2699.60201590195,2884.01483121136,3190.11923460907
"61","GHA",6792.82100354723,7499.45236717393,8435.07166764672
"62","GIN",5023.84646495865,5884.84040941801,7172.41848293721
"63","GMB",756.522729912487,859.540516357674,966.399508515153
"64","GNB",491.780463014442,587.884286278958,820.554200714729
"65","GNQ",1051.11379657663,1475.54338719071,1636.2376417921
"66","GRC",24022.5716522658,25895.7273628588,27740.612338575
"67","GRD",7.15194439790704,11.3634422466481,37.4721817238529
"68","GTM",10597.1924398533,11768.2709343908,13260.9702541017
"69","GUY",940.175113524664,1017.58695591999,1093.55675179997
"70","HND",6036.45059203075,7311.53270003265,8356.06942463561
"71","HRV",4742.3944715488,5591.74133523762,6349.97485738888
"72","HTI",59.3885146467454,79.0966773765748,104.124521990537
"73","HUN",19218.0643036576,21410.804212426,25874.7090574663
"74","IDN",266259.505179894,339067.159073611,391915.164473326
"75","IND",1582624.12794421,1719898.83996066,1840366.96309561
"76","IRL",17046.4125055424,17757.2229015841,18419.7131264739
"77","IRN",77707.7018098257,90771.7484504017,111107.119410184
"78","IRQ",6124.98734888626,7767.90204862697,9094.72573502891
"79","ISL",1204.7671462732,1574.1242862155,1697.61911518596
"80","ISR",20606.6831724204,23314.6398553315,26814.4553090736
"81","ITA",154431.414241119,173283.877958188,185708.354805191
"82","JAM",836.983171304823,946.025259608872,1095.76770770279
"83","JOR",11125.1675503443,12675.7145257266,14273.5114894214
"84","JPN",130601.512663842,155554.307863371,180781.604887339
"85","KAZ",15794.7085973924,17162.8337571391,18630.2888448143
"86","KEN",8291.7853591618,9456.34419317472,11119.7439316376
"87","KGZ",1884.10560353295,2295.76545317709,2792.26224229741
"88","KHM",42789.7406421404,45917.3641800391,49748.4205268716
"89","KOR",184477.683327175,202719.462987173,218530.946928623
"90","KWT",6045.66440719618,6777.1257173236,9178.97214025659
"91","LAO",13604.3649238548,14400.4199000648,15428.8158286609
"92","LBN",6363.99844931518,7479.41447456253,8816.14056883203
"93","LBR",887.706812727695,1034.5576867548,1370.83538710503
"94","LBY",3633.76385932575,3997.46352141773,4307.96779720331
"95","LCA",115.651470380912,126.563645850019,149.404342058882
"96","LKA",46229.3977475319,50056.6843962284,57314.5037429693
"97","LSO",828.260296475017,1003.07434179755,1201.87104902411
"98","LTU",5763.15693898406,6359.68800072719,6639.62844696132
"99","LUX",1736.26146356553,1886.06137190834,2103.69520577475
"100","LVA",3138.09263356189,3580.72287473642,3841.90100336047
"101","MAR",59630.9853019873,62688.4914589279,66877.2454676512
"102","MDA",2480.95325800395,2742.68030496014,2968.52176022249
"103","MDG",1998.67044334822,2416.06817796705,2764.12989400876
"104","MDV",1581.18324787023,1706.49123478902,1905.01999531323
"105","MEX",117520.021395398,128419.368732044,137881.962742484
"106","MKD",1648.97542310834,1895.56293391103,2168.99994502665
"107","MLI",2081.37958934224,2601.25623653402,3128.02230856996
"108","MLT",1437.12520349926,1563.52689370283,1784.40630858333
"109","MMR",23881.0265443554,31473.0207705568,41001.5426521954
"110","MNE",534.191467613707,613.881397917125,745.334927627213
"111","MNG",6825.11346913825,7484.2081224804,8337.34132909125
"112","MOZ",6543.44613480836,8780.4615356593,12091.4199671336
"113","MRT",2497.51595894921,3197.50922210008,3801.21485446894
"114","MUS",1980.79135474856,2335.29706730154,2760.44002610917
"115","MWI",3340.97595776344,4013.70048615557,4654.56158436329
"116","MYS",80025.7788181205,84395.2858443559,88761.6698807402
"117","NAM",425.537201559736,503.431990057393,613.19986308581
"118","NER",4150.54502077551,4783.38366929483,5442.68166977445
"119","NGA",38770.1287011393,42167.3750403262,46724.3305967026
"120","NIC",1621.8560185268,2053.19593751759,2581.68842174452
"121","NLD",39329.7244684135,41626.270437988,45372.6774163392
"122","NOR",14594.5735693279,15950.295520747,17371.6089086246
"123","NPL",21484.1241213401,24214.8469205513,28677.0574365554
"124","NZL",18792.7654869663,21375.535206971,22912.5172714349
"125","OMN",2980.42382916153,6767.39658122551,16083.2525417525
"126","PAK",131800.314774567,163779.725129147,201391.838083044
"127","PAN",7754.85635380937,9424.32882532213,11428.4787727699
"128","PER",23757.2339731809,35663.0777094811,46792.5185711878
"129","PHL",92712.6382584569,103345.806919356,114375.846166651
"130","PNG",664.193551339994,802.728860033097,1004.82597177258
"131","POL",53204.1031111185,58287.5591954826,62723.5539763727
"132","PRK",0,0,0
"133","PRT",36280.2270557726,39065.1625184077,42602.8381000567
"134","PRY",1127.74632634029,1343.38586809191,1539.09533297383
"135","QAT",7108.38585634141,9865.5704579956,12748.4418964332
"136","ROU",13010.7413986516,15220.2907189343,17509.2462904002
"137","RUS",112027.732057622,119625.19025621,133950.614085184
"138","RWA",10050.3767184516,11997.4453707642,14896.7640999634
"139","SAU",67766.5181154865,82741.5197311133,97016.5907302904
"140","SDN",1212.24673940841,1646.64779809955,1937.60631433781
"141","SEN",4955.80511497143,5684.15213031563,7023.67682979972
"142","SGP",28144.810989093,30601.7562720767,31123.5826000787
"143","SLB",34.4374992280557,579.31981559654,1899.61709466837
"144","SLE",1409.14034336645,1772.98066257742,2190.65711366978
"145","SLV",9365.93888569926,10355.0981120658,11161.1742830309
"146","SOM",1742.68590762315,2080.41340475154,2608.1195618412
"147","SRB",9047.18654225858,11258.7208336819,13022.8186790707
"148","SSD",385.960640631844,500.876174792368,614.713044719637
"149","STP",268.156164790298,314.054889991113,373.510020688977
"150","SUR",490.549884664221,532.19171503061,572.033420366802
"151","SVK",5905.34502726013,6896.38316426625,7532.01047267137
"152","SVN",3307.54743066617,3795.41368970578,4312.30435405453
"153","SWE",17461.2638670036,19134.6089601866,21276.3241973592
"154","SWZ",429.796523801817,494.078559049729,582.554875272253
"155","SYC",225.03883684412,278.973047443525,367.685515408976
"156","SYR",1268.81276340198,1539.43527875411,1849.94625906119
"157","TCD",359.213275787867,484.802669963182,659.074848712124
"158","TGO",3159.04277014493,3523.19599169018,3985.99675193147
"159","THA",149798.280515587,175934.864833209,198762.411936889
"160","TJK",7366.49118730847,9918.99597186094,13476.4565922062
"161","TKM",8340.01124134841,10188.481987454,11198.2278852959
"162","TLS",1355.02820162384,1503.01169271069,1643.88564100142
"163","TTO",1842.60658764236,2016.11280626423,2305.07951262353
"164","TUN",10257.561626529,12271.2535631646,15488.0581130563
"165","TUR",121388.706705725,135473.563524396,146682.594055621
"166","TZA",2730.14956406307,3576.93681339926,4631.97332709306
"167","UGA",10988.9702976456,12400.7567014519,14485.2162416874
"168","UKR",22793.6564597044,26471.0797002627,31421.1659462478
"169","URY",9749.14045807208,11460.030615108,12728.32498735
"170","USA",745906.243013765,838141.639367573,955716.396471071
"171","UZB",20142.7425018741,25115.0888722996,30832.7208344445
"172","VCT",43.5169597926429,52.3980798162776,63.7525100424308
"173","VEN",18138.6625420418,21506.3556755097,27956.9641414955
"174","VNM",215363.876288295,240549.724012695,266576.79123777
"175","VUT",0.372845897026689,5.36308642761576,536.492897512963
"176","YEM",2913.3952533291,3219.26075467295,3580.85767473507
"177","ZAF",29694.7846578479,41250.9011062533,54793.6188447334
"178","ZMB",1860.50875497618,2346.86436403521,2774.77622935547
"179","ZWE",7716.92548416864,9273.22926180762,11108.3297733744
