"","iso3c","averted_inf_monqalys_low","averted_inf_monqalys_med","averted_inf_monqalys_high"
"1","AFG",876690.77939389,941587.150200992,1008487.90645964
"2","AGO",10035099.5015755,11552436.4058034,13438938.3475007
"3","ALB",7374002.64224902,8621665.5810373,9413078.80291193
"4","ARE",823481521.179564,900631030.205323,989134177.197196
"5","ARG",423214903.774682,480812715.740183,572194977.294107
"6","ARM",2616674.42123492,3071271.18141456,3639877.39098872
"7","ATG",1772085.44082898,2006218.77597735,2387113.19715422
"8","AUS",2951707403.7649,3373124479.20843,3698699995.13968
"9","AUT",602514452.98663,638867608.18315,690378930.225046
"10","AZE",40329453.6058272,43420910.3392997,46882637.3727417
"11","BDI",5.87377578635447,12.2047862256264,28.2936971364094
"12","BEL",1341297375.30256,1524002886.12825,1731437509.41857
"13","BEN",468669.166546373,587868.180102691,731151.008740182
"14","BFA",236500.225207689,268056.184223268,349820.900536004
"15","BGD",64877478.8647789,80687856.8597364,103614010.903228
"16","BGR",28502938.2597068,33601459.862394,36501874.7399257
"17","BHR",47111630.0894792,51946519.9325997,59578335.868603
"18","BHS",7715622.83916376,8787097.66055535,10078535.5311224
"19","BIH",7952427.79749603,8799784.66524954,9569578.41991584
"20","BLR",25262953.1570953,27844197.5002452,32301171.3568321
"21","BLZ",1097860.49127878,1260073.09643282,1374506.39312195
"22","BOL",11314879.8748836,12705387.0608864,13555293.949852
"23","BRA",2159637404.24565,2307996050.50907,2482099118.99835
"24","BRB",3467162.85404506,4421203.38951482,5824758.36408873
"25","BRN",17420585.7599829,22634830.3508331,31092811.345328
"26","BTN",2830455.35448577,3122056.46295425,3361387.98987192
"27","BWA",3198030.91215499,4125933.26833345,5117338.26366693
"28","CAF",119621.343866435,145760.053967111,192898.193998548
"29","CAN",4475494181.16256,4733220506.94599,5269873815.87424
"30","CHE",885140404.905438,1045666490.26107,1414925648.10545
"31","CHL",821833103.496058,849266140.761506,875510476.345198
"32","CIV",8323793.37050043,9185020.99184718,10569580.871216
"33","CMR",2152591.49442829,2401382.72487249,2677501.30918082
"34","COD",52454.1944261277,60430.1408097725,72132.889481221
"35","COG",1395631.97004809,1521529.50228922,1698803.77090895
"36","COL",173969160.17494,206230277.423762,275137291.15171
"37","COM",516889.627110389,597606.045806852,680871.782239212
"38","CPV",996399.036518148,1067078.39572552,1140553.29673816
"39","CRI",65585961.864094,71043785.5706318,74907403.2544348
"40","CUB",0,0,0
"41","CYP",53619180.6296837,63295549.6606803,71573269.955169
"42","CZE",343043009.274492,386794550.821106,431817753.743385
"43","DEU",7989927571.08,8581237646.10494,9073884657.99296
"44","DJI",108735.940572876,135497.743388813,188738.268279217
"45","DNK",739696856.0646,778169297.581679,819936454.40131
"46","DOM",61528486.138649,72161118.1176528,83108775.4235633
"47","DZA",15166929.0369596,19287327.2186404,27443359.7075547
"48","ECU",106746498.021132,136606326.019641,177173406.652862
"49","EGY",66440479.1921377,75338723.2158537,87563004.0253951
"50","ERI",0,0,0
"51","ESP",3181633914.54225,3414206155.51101,3606333714.0937
"52","EST",50005335.7377759,55076287.7424901,59588868.1649474
"53","ETH",3008694.2828283,3374533.01221337,3764994.24729491
"54","FIN",492796959.575061,526711091.804081,558304910.986984
"55","FJI",3786714.29406834,4246646.03922409,4536879.95330276
"56","FRA",5397710508.11425,5887214660.91514,6669177475.57508
"57","FSM",0.314812725046782,141.764103414771,35057.5186898995
"58","GAB",2601103.03303541,2868498.69052645,3209047.61159985
"59","GBR",4403445767.11115,5259970328.62391,6888107749.85167
"60","GEO",7959755.03858728,8503494.75547615,9406041.150436
"61","GHA",5814147.26224582,6418970.91446656,7219791.13209154
"62","GIN",1501083.73230953,1758341.59491732,2143059.2636835
"63","GMB",141964.381734265,161296.063099629,181348.561398177
"64","GNB",106272.709282471,127040.540538151,177320.012854
"65","GNQ",4234375.98650448,5944176.07885557,6591527.3885515
"66","GRC",337401730.547187,363710569.895734,389622341.228028
"67","GRD",39914.2828635284,63418.2290719165,209128.479980507
"68","GTM",30202945.1518609,33540623.4793795,37794949.8905806
"69","GUY",5377149.12432099,5819891.13542103,6254385.64130026
"70","HND",5778703.99267461,6999342.17336744,7999278.88268585
"71","HRV",57369470.1789125,67644148.9008695,76816615.6154535
"72","HTI",38151.5012806755,50812.1310354231,66890.1530489681
"73","HUN",245096998.829106,273062040.591905,329992315.321492
"74","IDN",399525209.606926,508773865.962773,588072858.201055
"75","IND",1240563417.3773,1348168238.2894,1442598965.0062
"76","IRL",1223618312.17791,1274641400.86595,1322195991.6369
"77","IRN",117896372.107885,137716848.947382,168569215.003628
"78","IRQ",17295290.3165399,21934432.4206445,25681019.8906343
"79","ISL",56794671.7746208,74206764.7218153,80028510.6906832
"80","ISR",732234146.305203,828458188.444924,952819996.677432
"81","ITA",3870009378.72658,4342447009.08619,4653801030.93435
"82","JAM",2507514.47622321,2834193.22475021,3282806.01551306
"83","JOR",26994440.1894877,30756733.8716763,34633676.3425399
"84","JPN",3557559787.87132,4237269072.90328,4924455734.21062
"85","KAZ",91459080.0874221,99381193.2295123,107878475.186999
"86","KEN",5982313.16665672,6822512.87568128,8022613.66529286
"87","KGZ",890238.121805583,1084747.01275245,1319341.27763875
"88","KHM",32459917.90724,34832505.395769,37738710.7770123
"89","KOR",4406315011.19045,4842026399.67383,5219689311.43561
"90","KWT",139954765.128374,156887808.209217,212489612.966341
"91","LAO",12027862.1051703,12731668.5331499,13640891.7484859
"92","LBN",14931956.9119724,17549076.3472716,20685459.3306599
"93","LBR",142309.934920429,165851.872445488,219761.177821871
"94","LBY",10402667.1056408,11443859.2847823,12332764.7670651
"95","LCA",701576.124980008,767772.618249859,906331.056679401
"96","LKA",64710439.7834444,70067753.8364417,80227018.3884329
"97","LSO",309193.923542523,374452.925807453,448664.781858395
"98","LTU",93798925.6742932,103507835.793391,108064038.8237
"99","LUX",157867872.371823,171488282.262745,191276425.367677
"100","LVA",43238942.1124806,49337826.2469668,52936530.0786645
"101","MAR",79015688.7125583,83067121.9315479,88617546.4494491
"102","MDA",7589909.28929096,8390603.35256793,9081513.65233787
"103","MDG",235142.572856334,284249.206493372,325198.492402524
"104","MDV",9332401.97396442,10071990.1943997,11243739.3886189
"105","MEX",703022324.138741,768223848.144794,824830499.118916
"106","MKD",7288579.74509102,8378512.74921122,9587122.3093336
"107","MLI",430829.29032989,538439.688796177,647476.144302513
"108","MLT",37162072.3964414,40430645.4831426,46142282.0104863
"109","MMR",10387111.4911554,13689268.1351042,17833722.2667834
"110","MNE",2932848.81160964,3370367.06406636,4092080.81609303
"111","MNG",10791634.1079643,11833771.8502226,13182716.6630421
"112","MOZ",800773.059852071,1074534.26007751,1479722.33064338
"113","MRT",1702622.10009803,2179825.85749138,2591387.81285816
"114","MUS",10418971.1249096,12283672.7119043,14519926.5208461
"115","MWI",495090.557321626,594779.859458523,689747.402562249
"116","MYS",506067400.30851,533699309.60142,561311469.716271
"117","NAM",1089138.9054058,1288506.30353268,1569451.09670397
"118","NER",606367.173771865,698820.714411828,795139.791357913
"119","NGA",27373502.1495682,29772115.0271574,32989536.1938375
"120","NIC",1208304.51873469,1529658.55218376,1923392.55169672
"121","NLD",1608450117.98237,1702370929.42056,1855586056.85372
"122","NOR",923684240.392192,1009487295.54355,1099441604.30116
"123","NPL",9419988.53996619,10617308.8183779,12573821.9946317
"124","NZL",634151413.852707,721305540.834863,773170145.324394
"125","OMN",39324763.536018,89291418.1222398,212208108.426111
"126","PAK",67134036.1372375,83423123.868659,102581294.731632
"127","PAN",69760268.3041746,84778321.7955142,102807029.443603
"128","PER",94070183.3532202,141213083.259534,185281704.365066
"129","PHL",113066314.590376,126033836.769544,139485356.550508
"130","PNG",606177.916173147,732612.514296792,917056.951933526
"131","POL",674210222.714037,738628526.16026,794842104.705806
"132","PRK",0,0,0
"133","PRT",609645196.393872,656442657.844498,715889003.68563
"134","PRY",3909468.46922895,4657008.91294978,5335459.34476672
"135","QAT",346827248.372527,481353815.721673,622012804.782189
"136","ROU",113093730.436323,132299874.618062,152196244.582568
"137","RUS",813599502.599381,868775913.813449,972814061.223088
"138","RWA",1999220.21192082,2386530.96780068,2963263.24029092
"139","SAU",1308526655.2571,1597684034.46864,1873326216.29475
"140","SDN",207184.220120374,281427.393262097,331154.904431666
"141","SEN",2771966.99676276,3179358.70040856,3928604.92219828
"142","SGP",1523449371.11228,1656441266.05409,1684687182.91361
"143","SLB",24068.5203829097,404889.179018823,1327650.78149174
"144","SLE",299363.728117626,376659.50274451,465392.452684213
"145","SLV",15218832.1141637,16826129.4053337,18135932.7327798
"146","SOM",229664.286039733,274172.561549785,343717.657012263
"147","SRB",50797294.6335632,63214409.9952206,73119301.1562552
"148","SSD",0,0,0
"149","STP",221739.91349932,259693.839950039,308857.638023989
"150","SUR",1431087.09618135,1552569.31024711,1668799.99784683
"151","SVK",88898902.1536075,103817963.100175,113386679.176073
"152","SVN",65646253.8484919,75329136.0917188,85588077.641325
"153","SWE",726370735.883853,795980182.025941,885073347.602489
"154","SWZ",590656.643219532,678997.541891758,800587.924899423
"155","SYC",2292781.09045966,2842283.30050193,3746119.59778996
"156","SYR",202080.533980689,245181.883515451,294636.165910183
"157","TCD",56963.7992451558,76879.6807543576,104515.645439953
"158","TGO",712386.92045625,794506.097354555,898871.005449161
"159","THA",613226271.418516,720221092.010217,813669772.114152
"160","TJK",2312060.3214125,3113194.11530706,4229745.17552669
"161","TKM",34108120.8250406,41667806.5047363,45797361.5004696
"162","TLS",1273305.72638583,1412364.25401326,1544742.01917136
"163","TTO",22443882.8473455,24557276.5962617,28077037.6498731
"164","TUN",13948730.6403063,16687046.7664353,21061413.8745893
"165","TUR",685975279.002469,765569698.023015,828912640.333487
"166","TZA",1108303.66526976,1452056.77846781,1880348.6385592
"167","UGA",2328233.27102761,2627348.47362585,3068982.94184595
"168","UKR",38101443.7503566,44248554.6798421,52523024.9472271
"169","URY",118588386.85719,139399627.056807,154827139.288379
"170","USA",36173804076.679,40646893272.389,46348851484.5105
"171","UZB",15922472.8474308,19853022.5262422,24372706.956522
"172","VCT",214066.762470701,257754.387241184,313608.613496737
"173","VEN",0,0,0
"174","VNM",279212319.185931,311864958.407468,345608211.578642
"175","VUT",405.477778256648,5832.46962514479,583447.343443494
"176","YEM",365111.479995447,403443.047175558,448758.96731884
"177","ZAF",117863697.803411,163731907.744981,217485279.232835
"178","ZMB",733982.374158345,925852.712670645,1094666.62768085
"179","ZWE",4657440.06907957,5596724.96803393,6704273.65058809
