"","iso3c","new_welf_total_low","new_welf_total_med","new_welf_total_high"
"1","AFG",1067187981.66422,1173841390.83859,1248679423.32018
"2","AGO",4931357832.80539,5251264271.58812,5667989115.86898
"3","ALB",6604582242.15139,8022077904.30618,8899883009.98757
"4","ARE",88547219653.8884,98677140018.9056,115193881567.854
"5","ARG",174444229859.431,204934342844.8,242422435305.185
"6","ARM",2886301865.02164,3270778159.48996,3487647889.00138
"7","ATG",853656782.41677,991386348.434706,1484868741.35068
"8","AUS",778677600553.528,1001420174576.79,1591346095336.71
"9","AUT",328502174665.057,351625080401.65,383249746966.204
"10","AZE",27918279792.2371,31012310782.067,32411718234.6
"11","BDI",1077.25589317514,3725.37301617384,6331.46651224782
"12","BEL",850842140650.081,1278465673657.28,1729354480806.67
"13","BEN",352378075.552957,415483020.631657,488462556.638041
"14","BFA",219727475.33063,254749515.931485,318739440.971969
"15","BGD",60005883883.7279,68936794351.9054,85316777658.7816
"16","BGR",49839296676.8,59969476648.1416,65617858928.0994
"17","BHR",9671705347.44498,10790681229.8802,13251964098.2784
"18","BHS",4256164760.67329,4990881211.65323,5456614907.6218
"19","BIH",8042606484.43306,9711832151.24002,11193164218.3087
"20","BLR",25180578790.4459,28911123815.8635,35212510102.1874
"21","BLZ",878292507.024472,1094359685.965,1192857577.31332
"22","BOL",8714844695.79225,10025282528.7357,11180609143.6185
"23","BRA",1095991857261.55,1254605813236,1336398863911.53
"24","BRB",1598086365.42017,2269168777.22728,3008080602.79131
"25","BRN",7455034295.06157,8569386505.85793,10734067039.5938
"26","BTN",1578358319.71132,1692461966.72048,1807557277.38565
"27","BWA",2354403896.02016,3047783390.90213,3492064158.0336
"28","CAF",91568888.8540946,111331439.525234,127707028.039003
"29","CAN",2079158122634.11,2283884786888.22,3251076146912.06
"30","CHE",448891582459.675,565153720439.581,833245094702.222
"31","CHL",303642774738.161,323287035621.584,361849755693.281
"32","CIV",4143975687.94812,4776983683.74248,5213626904.82589
"33","CMR",1340528996.96049,1649508822.17881,1933815311.02089
"34","COD",40075444.3108566,46320357.8913192,53721364.046288
"35","COG",674405343.30933,777254016.149772,878133895.66539
"36","COL",88103221131.4118,105547572381.479,130499586380.289
"37","COM",225308679.632903,261002763.396798,293501229.138617
"38","CPV",676819550.583325,769205067.217996,832249631.36585
"39","CRI",34691639645.7961,39937123473.5539,43950881571.301
"40","CYP",20530687501.5238,26521742226.8705,32167176738.1964
"41","CZE",189278271573.426,227836375441.328,259909167979.016
"42","DEU",5072496796547.52,5471810333530.08,6032025642614.78
"43","DJI",269494504.464617,325190204.075626,363619190.821299
"44","DNK",382773802238.319,419227326269.693,465043812272.971
"45","DOM",16873934938.2394,20957496325.5873,25970662579.9492
"46","DZA",9193194238.21576,12146420114.3038,15516555552.9212
"47","ECU",31497536377.5439,37806102994.0892,47622390504.8966
"48","EGY",50889115399.4537,60202875344.2865,68223749309.341
"49","ESP",1833229221208.53,2046298229264.98,2359141777148.22
"50","EST",33298725830.6707,38179647170.69,42125937270.1404
"51","ETH",3931216144.64962,4814042527.86727,5362485801.05345
"52","FIN",285198649465.687,307371762893.292,327402939561.642
"53","FJI",2392286999.81298,2713597687.96523,3116704780.89395
"54","FRA",3451053416735.86,4110853681846.6,5292084872217.91
"55","FSM",1215.17252127527,107918.757274773,18043442.3942811
"56","GAB",1086100763.47287,1273677531.85538,1440991471.02251
"57","GBR",2587390823999.91,3429847483953.65,5332700541848.59
"58","GEO",9837676458.85527,10739613806.7129,12497913192.4162
"59","GHA",3974901695.29581,4362570877.56475,4852525094.49815
"60","GIN",919414957.991331,1063119775.15589,1249266342.19175
"61","GMB",127960332.583916,143104245.630773,159180156.056078
"62","GNB",83606784.9023606,100955590.519437,118696024.877117
"63","GNQ",474762413.019065,894903164.793879,1080886277.37139
"64","GRC",258926667527.252,282394946603.51,302306278244.215
"65","GRD",57046631.4405663,80172513.4516054,341112678.03514
"66","GTM",22543719556.9344,25811845686.1104,29827961734.9061
"67","GUY",2863624053.65857,3257191009.57111,3482683931.61587
"68","HND",4784612557.02755,6196473197.60651,6817465429.18632
"69","HRV",58971402898.8462,68973248726.4556,75484836387.2098
"70","HTI",50818592.545938,61277234.7097862,74899286.9623859
"71","HUN",125585235230.775,145045651525.932,187957046124.238
"72","IDN",351276685678.426,409875714643.911,473133737213.581
"73","IND",1187437862531.98,1363169439728.82,1414960468423.9
"74","IRL",387045499304.047,413738573246.521,431111096990.529
"75","IRN",94299345165.0224,106506222944.858,128327017833.753
"76","IRQ",9615187817.86278,11887358583.5628,14789455417.8699
"77","ISL",24485182837.5667,39536522916.6752,50423488296.5741
"78","ISR",252208717164.992,279998479608.606,309798576733.549
"79","ITA",2410404827671.69,2663559420748.32,2950781735274.05
"80","JAM",1655031416.13953,2014521979.26735,2316926407.09068
"81","JOR",13230632317.9013,14739296585.4876,15887885350.1354
"82","JPN",1738889267606.29,2167848635776.03,2631395097819.45
"83","KAZ",66736192156.7528,74280757350.8896,83072518447.786
"84","KEN",6909150973.16341,8076240349.19926,8773777747.9037
"85","KGZ",534592266.027798,720856242.233282,952642649.738536
"86","KHM",17578029194.5714,18629731189.8298,19750903992.0213
"87","KOR",1918263082138.29,2209194728527.02,2540424285469.46
"88","KWT",44915554003.6457,50481167565.6412,57330709560.1096
"89","LAO",6954377469.18497,7340414971.81029,7800820438.60771
"90","LBN",8781062991.86969,10155973962.8149,11447337716.5167
"91","LBR",127853790.321419,145947181.27176,167073392.361872
"92","LBY",6847660741.19185,7833793383.24932,8976132341.91276
"93","LCA",580908666.359206,648993100.25469,742083065.993696
"94","LKA",56240658407.5185,59967183853.5035,66818264636.3337
"95","LSO",255524696.573211,298748167.230682,338299874.984808
"96","LTU",77926393845.1277,86000565542.3997,89402274625.6803
"97","LUX",42572805393.2431,50648916198.8229,66718637946.9477
"98","LVA",38696698355.2269,45904696827.2509,49520571179.6619
"99","MAR",61757465029.9493,70477625012.5568,80612732579.589
"100","MDA",6390232209.85392,7462637388.36373,8142890271.79732
"101","MDG",272892495.685577,345203315.995417,395752490.455215
"102","MDV",2502577589.06785,2753717993.56584,3149096744.11592
"103","MEX",406951762479.475,485532962588.968,545040905520.283
"104","MKD",7980045999.35557,9487615949.38239,10958789145.7929
"105","MLI",289769095.965241,403502553.204532,493538260.962132
"106","MLT",17224289463.3136,19707020037.2259,22877252850.6379
"107","MMR",11052948336.5738,12689320204.0456,14816081079.4331
"108","MNE",3061384327.97918,3630025501.49274,4460467027.49544
"109","MNG",5983033586.06395,6411884092.70043,6938285993.64484
"110","MOZ",756795010.966406,941675142.926685,1174432499.31307
"111","MRT",949341542.527851,1216595120.49702,1438073152.7195
"112","MUS",7682426354.27937,8609510762.8359,9468453585.08249
"113","MWI",774787712.045236,838763121.604885,889288208.363167
"114","MYS",234124496181.75,259614023792.643,305702736423.909
"115","NAM",841373029.122256,1113668561.9794,1314566495.37161
"116","NER",641460363.980138,801241182.251443,1081529181.23389
"117","NGA",21223261529.3955,23420000688.7639,24925328265.5781
"118","NIC",968635485.371356,1173476012.63891,1334368876.88534
"119","NLD",845337843522.7,942962951919.461,1073536136903.88
"120","NOR",410111239450.017,458473120387.596,493343943650.249
"121","NPL",7797443531.24629,8912918441.67121,11720068939.9657
"122","NZL",154602889438.164,228488045423.133,290647817968.667
"123","OMN",10394968957.2269,13439342516.688,22546376703.1976
"124","PAK",50982031525.7299,57841788394.1968,70823433717.4173
"125","PAN",23097264688.7706,28747157241.7501,34997743483.7046
"126","PER",35910719153.005,49263900227.7642,64901492906.8426
"127","PHL",145596088918.02,170421822960.54,201427974147.473
"128","PNG",405177463.542124,513501684.616449,633127578.591254
"129","POL",418069757037.925,464322816271.61,499504116170.685
"130","PRT",450616478628.586,483542407707.453,637124434308.461
"131","PRY",3809249967.13938,4818365607.87006,5327591701.34705
"132","QAT",58462229669.228,77581587290.7163,96494337789.6395
"133","ROU",155871089084.367,185285350692.916,207830343904.294
"134","RUS",1303067008811.11,1410777118113.76,1508330066285.29
"135","RWA",1731468109.24235,1962648228.7253,2227606822.31441
"136","SAU",371719739156.891,415280527710.766,466250167674.191
"137","SDN",944094008.537196,1282436827.28303,1663493977.77274
"138","SEN",1697459984.44821,1950289793.11178,2189877406.92382
"139","SGP",804695611013.692,946993563280.792,985983585117.303
"140","SLB",6074596.7325666,69698280.3966684,285007501.911301
"141","SLE",211323363.253362,303836417.612064,367416846.845471
"142","SLV",12075120751.9353,14190506628.411,15076062769.108
"143","SOM",245420606.808498,279142377.656598,315072740.368074
"144","SRB",51355330833.8607,60094594812.5678,70792238062.761
"145","SSD",3236229.00821119,4249762.11177634,5169930.81828218
"146","STP",101789716.284066,124416918.57695,165909922.77876
"147","SUR",1218692046.4018,1412968605.18594,1495735531.2135
"148","SVK",67037830088.8543,78841571317.6679,85068668142.6038
"149","SVN",41702987566.015,46677332596.8795,52520062138.0285
"150","SWE",332569138465.613,375901865941.983,433269118423.396
"151","SWZ",553616154.879742,654097302.175757,764008847.522011
"152","SYC",764127078.860594,976771360.184204,1280893336.43187
"153","SYR",291265076.171482,368314936.453284,465335358.275257
"154","TCD",64449461.0975335,89754655.6152025,114126671.519946
"155","TGO",662169637.40485,713459167.086431,768377578.111532
"156","THA",330320298213.724,403798333592.785,471654764721.829
"157","TJK",1008679427.6879,1405334608.74839,1753365220.92177
"158","TKM",8144559565.22406,11974624379.6802,14664031430.7625
"159","TLS",858759138.212938,956081235.38808,1008815809.82153
"160","TTO",10092673034.5629,11977354748.7525,14818843386.4574
"161","TUN",14332731572.4602,16554899758.5318,18207492710.1501
"162","TUR",450102804984.759,526666258825.009,585070655575.773
"163","TZA",859218687.418584,1144831306.38848,1370547776.06949
"164","UGA",2249776779.01423,2729853926.97614,2898071403.91759
"165","UKR",68245661829.0256,81392745536.1431,93264692430.0184
"166","URY",73333452690.0764,99005365356.5258,123199030737.784
"167","USA",18502395658974.8,20259303742521.5,22047733857151.2
"168","UZB",10526610257.7208,14516682014.3869,17783317419.1129
"169","VCT",132692302.913658,189790241.879358,349082977.773043
"170","VNM",221423700219.541,266964974375.458,322336110919.922
"171","VUT",395905.041248609,1979255.22346815,78645146.2947286
"172","YEM",12136821.1953607,14026605.1047426,15738107.0922804
"173","ZAF",78079274985.9068,92430356783.4503,107039291826.111
"174","ZMB",840052308.395658,1008135016.59488,1119586016.96262
"175","ZWE",3000237471.901,3449110331.97276,4004224760.31561
