"","iso3c","vsl_total_low","vsl_total_med","vsl_total_high"
"1","AFG",1034353825.161,1138437040.35149,1211086722.75392
"2","AGO",4809009358.15535,5113813799.3102,5512172594.75593
"3","ALB",6530918879.53861,7934213759.87932,8804437892.35569
"4","ARE",84638423172.0697,94313714129.4655,110410950611.213
"5","ARG",171409804578.086,201436931049.824,238314982139.139
"6","ARM",2856460292.07379,3236752106.33307,3449580538.90454
"7","ATG",841704416.025414,977887607.505581,1469118530.50234
"8","AUS",762451142214.593,982817946503.159,1570759653116.58
"9","AUT",324366696427.172,347216744325.083,378436824874.541
"10","AZE",27531920711.8137,30592797022.9774,31965829427.4758
"11","BDI",910.606917810991,3427.46132758598,5741.10473077079
"12","BEL",842547201929.169,1268572229683.03,1717823508991.35
"13","BEN",345548265.984561,407132019.331032,478363978.461812
"14","BFA",214264427.341776,248520901.595736,310725574.497917
"15","BGD",59207010277.0168,67971796971.5544,84094462697.0473
"16","BGR",49444584027.8417,59505699425.7244,65112944109.0436
"17","BHR",9441239715.93448,10534100093.8162,12954185569.3237
"18","BHS",4201112004.11947,4927759514.45788,5386258713.67083
"19","BIH",7962537295.85207,9618708954.56629,11089019587.8235
"20","BLR",24900672892.3656,28598099936.7776,34843644778.856
"21","BLZ",865632405.10337,1079524167.09418,1176745218.12493
"22","BOL",8582637444.42816,9875987802.87947,11020736050.6724
"23","BRA",1079719088262.89,1236952865843.09,1317474887968.71
"24","BRB",1570880925.32969,2234240530.02116,2963878330.70039
"25","BRN",7330442069.72719,8407418207.30909,10524417101.1128
"26","BTN",1547780630.34081,1658698590.93942,1771323285.79647
"27","BWA",2324241376.37589,3009360194.44368,3446749260.51993
"28","CAF",88759253.5086106,107912132.112014,123482055.06531
"29","CAN",2051841595937.64,2253979726338.42,3217964472058.33
"30","CHE",443550232498.345,558852288887.835,824732838362.867
"31","CHL",298437432046.032,317842133248.91,356211155222.218
"32","CIV",4053788816.47459,4676715421.06869,5100270588.43597
"33","CMR",1313932587.68999,1618900014.98288,1899001135.85224
"34","COD",38821521.0949341,44868399.4363585,52021020.4699233
"35","COG",658654570.137471,760026286.606242,858699066.965715
"36","COL",86700467930.3538,103900010836.052,128398044138.796
"37","COM",219635474.504393,254445469.823043,286066692.94727
"38","CPV",665792283.474272,757318910.260273,819609285.863526
"39","CRI",34235227880.1351,39436917765.9163,43423383852.9824
"40","CUB",0,0,0
"41","CYP",20188486412.9635,26113821977.2573,31703114180.1908
"42","CZE",186796235389.388,225010256081.846,256759840651.152
"43","DEU",5017449981090.44,5413261268471.43,5969492587394.37
"44","DJI",268113414.924985,323499782.349607,361524138.517636
"45","DNK",378242661956.372,414439513761.46,459943837150.225
"46","DOM",16456233406.126,20466969324.7731,25404084208.9125
"47","DZA",8954843608.77276,11856002717.93,15133691829.6691
"48","ECU",30770777846.9998,36904806337.3645,46488057665.0153
"49","EGY",50113324552.6198,59321721404.4435,67217480214.8599
"50","ERI",0,0,0
"51","ESP",1810571602345.2,2021020875763.56,2332324937591.92
"52","EST",32956390727.6366,37798909665.4049,41711655864.1803
"53","ETH",3850070791.21469,4721399506.04229,5261703373.00892
"54","FIN",282182362498.639,304033740782.229,323853980829.789
"55","FJI",2362121003.46399,2680104374.02691,3080609898.03723
"56","FRA",3413341362342.95,4069703977028.34,5245743145728.6
"57","FSM",1206.46558957684,106081.896295866,17681983.3982772
"58","GAB",1065416613.69515,1250776641.08248,1415684418.20158
"59","GBR",2559164155197.53,3395996098839.43,5289036337068.68
"60","GEO",9739513492.07923,10633549175.3135,12377092580.7823
"61","GHA",3904762754.78514,4286194314.90145,4767518020.16749
"62","GIN",892552247.91821,1031984886.68155,1212045313.65658
"63","GMB",124643867.075931,139400711.437375,155056468.040349
"64","GNB",81431087.8598593,98358671.7659445,115320170.317648
"65","GNQ",446241929.749919,855261050.100178,1037057636.07785
"66","GRC",255772697577.712,278986770766.748,298650823849.817
"67","GRD",56547136.5867893,79444619.2339318,339435337.892844
"68","GTM",22287553906.6324,25525104007.8259,29510989752.2928
"69","GUY",2825991534.13243,3215769851.13633,3438465981.69446
"70","HND",4710585563.16918,6106352947.52782,6718389575.53285
"71","HRV",58420831351.4071,68328878093.1147,74773188675.9892
"72","HTI",50066666.0424587,60331403.8213338,73707461.8834535
"73","HUN",123807729128.336,143091251867.06,185556487442.81
"74","IDN",346576630805.806,404088551215.555,466515607772.63
"75","IND",1170060924977.97,1344220918289.77,1395014286581.84
"76","IRL",380449662445.6,406837822225.808,423935655960.324
"77","IRN",93204669413.8217,105236769579.072,126784589504.41
"78","IRQ",9455388715.10295,11690599007.7781,14554431181.2288
"79","ISL",24172375762.3342,39115845335.3805,49964687117.3484
"80","ISR",248250986105.575,275590452813.985,304850086040.361
"81","ITA",2382445985941.25,2631892434109.98,2916246085173.12
"82","JAM",1632111596.39549,1988398989.46356,2287425803.39021
"83","JOR",13022587915.2431,14504757001.2463,15628130301.0682
"84","JPN",1714868236972.66,2139114650260.38,2597930620242.97
"85","KAZ",65871247233.1564,73338476514.6592,82041314201.0486
"86","KEN",6815651676.36454,7970012164.50565,8654256170.1859
"87","KGZ",521803980.747013,705425311.005117,933893574.815859
"88","KHM",17228479479.713,18255085319.776,19346014375.5247
"89","KOR",1890706346263.35,2178699919646.06,2507107296339.62
"90","KWT",44089706873.6526,49560149153.3331,56143586801.297
"91","LAO",6822725365.72521,7201189722.19139,7652148430.44244
"92","LBN",8643839445.50907,9998186878.6232,11264906371.0346
"93","LBR",124421122.831726,141976413.587862,162198130.286258
"94","LBY",6754494235.8748,7733508412.23237,8866645870.86692
"95","LCA",574732649.463943,642249127.893806,734286854.624753
"96","LKA",55310174428.8478,58961288412.2479,65692560491.4483
"97","LSO",250885841.190944,293262291.202537,331957876.298196
"98","LTU",77206570075.783,85207091346.9452,88579210981.0362
"99","LUX",41646633092.9897,49618309258.5268,65549043725.9343
"100","LVA",38337173935.336,45493489816.6521,49081949665.999
"101","MAR",60897757318.7298,69561308107.9654,79625106715.6071
"102","MDA",6330764644.33141,7396545847.02899,8071346396.83161
"103","MDG",264854320.17276,335712008.909296,384928637.900624
"104","MDV",2446140467.85421,2693311797.22066,3081819279.43328
"105","MEX",401614048097.033,479518173709.505,538582407437.77
"106","MKD",7899373140.38255,9395290510.00485,10852067441.9301
"107","MLI",280354134.315454,391851458.620416,479563885.188975
"108","MLT",16993665413.9683,19450227770.7874,22589611425.3638
"109","MMR",10884306493.0466,12482164698.667,14560724698.6772
"110","MNE",3032232425.81199,3596019616.36426,4418827898.52991
"111","MNG",5869705046.69481,6288159560.88588,6801161221.60682
"112","MOZ",734859564.345524,913450170.819832,1137684979.42284
"113","MRT",929849435.85194,1191734581.17093,1408777718.2773
"114","MUS",7592226401.18201,8505823822.63706,9349465009.1478
"115","MWI",758904985.898346,821019788.473248,869852227.691371
"116","MYS",230471094865.174,255696572907.851,301519290727.789
"117","NAM",829376951.319187,1098856101.82736,1297410005.43451
"118","NER",627909889.28755,785153262.087371,1062543334.7052
"119","NGA",20878102950.4976,23044647639.7239,24516219379.9975
"120","NIC",953096004.366802,1154086639.41779,1310956072.77682
"121","NLD",834590643753.039,931544041470.651,1061143602308.73
"122","NOR",404324132084.468,452155847115.752,486474450279.235
"123","NPL",7654038573.91327,8751553873.46615,11523633896.6924
"124","NZL",151623309054.248,225072473154.712,286880833804.637
"125","OMN",10148983962.5356,12966142206.1362,21503699635.4565
"126","PAK",50113888541.5374,56785275743.8705,69545568688.2345
"127","PAN",22721362014.6002,28291395120.7051,34457541030.6477
"128","PER",35197619549.1457,48252950987.2019,63591156872.2201
"129","PHL",144200605549.204,168868196777.463,199703459265.577
"130","PNG",397647026.797492,504438305.185631,621941161.707256
"131","POL",412691845266.78,458436306933.568,493209957228.984
"132","PRK",0,0,0
"133","PRT",446091677489.175,478381191370.418,631376692253.392
"134","PRY",3767205850.80139,4767588657.38294,5270893234.62185
"135","QAT",56629669965.7491,75093422921.4505,93375515582.089
"136","ROU",154555390379.94,183731050000.224,206092785236.826
"137","RUS",1292218228410.27,1399123845519.79,1495617168928.74
"138","RWA",1688229339.92567,1912161891.22835,2167461300.00684
"139","SAU",364690142595.638,406838523089.988,456438725922.968
"140","SDN",928467003.166228,1261702439.26826,1637233773.54119
"141","SEN",1660196075.28381,1908416865.25568,2140399413.2603
"142","SGP",796068446929.164,937437307779.346,975694859460.019
"143","SLB",5810426.0611491,65979963.9857768,273366912.185834
"144","SLE",205129887.372991,296070335.815074,358159832.72855
"145","SLV",11904086129.487,13998244564.359,14869357548.7587
"146","SOM",242210164.618426,275349466.395995,310472099.049238
"147","SRB",50844060008.7805,59487382136.907,70090808926.0071
"148","SSD",0,0,0
"149","STP",99420812.2044204,121617798.008225,162603026.266473
"150","SUR",1207018211.9898,1400249256.51827,1482140184.72275
"151","SVK",66264585372.617,77938483962.0341,84094502536.6139
"152","SVN",41227574501.6881,46137811700.2198,51907128583.513
"153","SWE",328163761041.315,371072839040.76,428007686563.324
"154","SWZ",545879037.028387,645268614.975124,753722340.730341
"155","SYC",749428745.51698,957882174.07531,1255952453.38859
"156","SYR",284426679.013759,360001793.673355,455156249.574078
"157","TCD",62779810.859774,87447236.9712648,111180663.114266
"158","TGO",641559683.191679,690973061.123753,743658726.17655
"159","THA",326345667074.567,399116215410.93,466396266978.89
"160","TJK",975736102.608187,1361961424.29864,1697533726.89542
"161","TKM",7947170773.0418,11731452768.4492,14395293716.9265
"162","TLS",843785587.897027,939577678.976108,991093254.063314
"163","TTO",9921698061.58754,11785738413.0431,14593129981.1661
"164","TUN",14029281999.2805,16206545122.6823,17800585546.6595
"165","TUR",444801355449.089,520654235111.441,578508888136.743
"166","TZA",822380145.967858,1098282745.08001,1314339017.71319
"167","UGA",2191087259.885,2662802145.3518,2823289078.71579
"168","UKR",67668531241.3942,80715392755.9873,92474889531.9516
"169","URY",72692049560.6104,98246932335.0044,122343912625.443
"170","USA",18274187835555.1,20005544639322.4,21761682135249.9
"171","UZB",10030170599.543,13875700820.3993,17009628782.6959
"172","VCT",131054941.462823,187706869.226344,346319469.898207
"173","VEN",0,0,0
"174","VNM",218316435435.211,263482011502.59,318488559470.17
"175","VUT",390257.090336774,1913276.92564731,73569173.1259477
"176","YEM",0,0,0
"177","ZAF",77053638312.4876,91118848018.6734,105421715255.786
"178","ZMB",825715839.193757,991439541.075849,1100781288.01434
"179","ZWE",2942595211.42374,3381615236.44957,3925584323.16085
