"","iso3c","undiscmonqalys_averted_sum_low","undiscmonqalys_averted_sum_med","undiscmonqalys_averted_sum_high"
"1","AFG",22489047.7212553,24186378.7731122,25491892.5032102
"2","AGO",247903916.366826,267310344.266877,291833949.663678
"3","ALB",435839869.956483,530549919.818442,588096571.528245
"4","ARE",12920624642.7174,14256434445.4125,16684783721.9453
"5","ARG",13107132450.5371,15250894831.4922,17891853786.4259
"6","ARM",169868654.573529,192869581.255161,209348502.577825
"7","ATG",78674493.3156564,91296457.0238905,143822284.963286
"8","AUS",92957285082.2879,116132872374.86,184368151116.148
"9","AUT",28597958320.7936,30432996075.4977,33128347915.127
"10","AZE",1972682146.3313,2188913406.77214,2304377052.68875
"11","BDI",37.3619334031415,134.006235879603,233.015609953914
"12","BEL",73278003499.3216,114378331082.857,152493934158.64
"13","BEN",13271464.9571143,15753441.0231197,18477132.323052
"14","BFA",5700208.54360412,6421295.00770011,8001838.23539209
"15","BGD",2511046888.52981,2938353690.28285,3648831221.65405
"16","BGR",2604203043.68533,3091475387.96065,3364780869.14189
"17","BHR",1150372104.2955,1293953594.0048,1562466853.67411
"18","BHS",376537966.622685,443657078.87743,488271411.365443
"19","BIH",492499802.546572,585190781.681177,662888347.035944
"20","BLR",1508731877.7211,1747626543.88387,2111889983.88274
"21","BLZ",45806644.29558,56896099.4485174,62888136.8800926
"22","BOL",359943137.638126,412460718.243142,448728656.194468
"23","BRA",82348054202.8909,93347675997.3565,99671346344.9449
"24","BRB",115595171.288499,171107284.540637,233762720.306233
"25","BRN",723958116.880533,852405056.438518,1099833006.49158
"26","BTN",78583748.1280804,84555212.1302864,91233500.757138
"27","BWA",125828436.866446,163980030.490949,192495565.074067
"28","CAF",2053174.31759908,2484343.28455355,2856663.33662242
"29","CAN",216889132881.735,237771312740.923,348343445576.49
"30","CHE",44669372449.1459,56629918187.3464,84315348732.2204
"31","CHL",31515017773.7099,33578486728.6337,38217867614.9046
"32","CIV",190762413.177728,213960791.569188,232016125.482943
"33","CMR",55147586.2642674,65856183.9953863,75456572.6355413
"34","COD",1064422.63633822,1220958.07613612,1396079.29936813
"35","COG",33941015.9170639,37877197.9117309,42575770.0282022
"36","COL",6893274205.93843,8284643932.2673,10205923336.2073
"37","COM",11370702.2954488,13305806.3055618,14996948.3596059
"38","CPV",31909080.470968,36439373.2512271,39676958.2473613
"39","CRI",3087556977.00003,3564731004.11975,3940209646.22389
"40","CUB",0,0,0
"41","CYP",2316799662.37024,2960350964.37513,3585994924.48938
"42","CZE",17505975471.1633,20943305115.4086,23734205719.2742
"43","DEU",456889236615.739,491041695293.108,534247575237.505
"44","DJI",7699503.08803094,9383811.63143241,10751567.9439236
"45","DNK",33497277534.7921,36611834746.7167,40384733511.4728
"46","DOM",1374361808.04455,1723056548.88849,2152224359.90828
"47","DZA",397699675.327261,500397114.390141,662022067.442308
"48","ECU",2718740256.40564,3299870835.67818,4234093286.32304
"49","EGY",2265218099.04959,2639267932.06831,2985961134.37662
"50","ERI",0,0,0
"51","ESP",172827758863.84,191965384591.214,220549569421.765
"52","EST",2790135783.96453,3174637712.32165,3481898084.36757
"53","ETH",92738648.7062808,111839250.278446,126063235.439935
"54","FIN",27316955506.2674,29257273682.5787,31917972203.043
"55","FJI",170632206.572063,198493087.595715,233744498.833558
"56","FRA",301459683055.056,359839610434.606,475552968536.587
"57","FSM",18.6010464002264,2821.69048767195,613259.929685262
"58","GAB",81601779.718086,95492253.0347762,106038231.407716
"59","GBR",240237940219.645,326694025559.383,511698362820.079
"60","GEO",539976875.828264,579429243.293359,668309754.759314
"61","GHA",165154568.794077,184656244.406132,205282561.010237
"62","GIN",30038212.7676071,34404676.6337826,39954757.4661766
"63","GMB",3649258.29674272,4068374.00849101,4515241.62289036
"64","GNB",2245544.30862373,2635460.41737427,3160280.02776478
"65","GNQ",52775524.0012359,104916019.323664,127973796.750593
"66","GRC",21687620807.3751,23541746703.9232,25172269959.2634
"67","GRD",2841323.47077368,3931609.75765702,18004475.4142921
"68","GTM",1623507090.66811,1847650791.61514,2210695843.76044
"69","GUY",224887624.545784,252275345.352063,270588910.543416
"70","HND",217010274.453985,278675734.074513,309271755.267502
"71","HRV",4338911787.3904,5058941942.80161,5544668256.91643
"72","HTI",1508034.05014151,1850692.05317698,2225949.05274651
"73","HUN",8862470583.28283,10707084108.6473,14369536990.5563
"74","IDN",14835755772.9204,17925888638.0233,20547523638.5506
"75","IND",51415789309.7416,57977986646.7033,60751828188.0178
"76","IRL",51026905293.8508,54089220049.9109,56255767542.2895
"77","IRN",5093936451.68032,5825496600.88122,7073853769.83599
"78","IRQ",609639487.787443,789009427.718737,967652458.82419
"79","ISL",2431158927.10364,3773714518.09718,4729865747.34939
"80","ISR",26716976740.5678,29568166332.2477,32563710840.2644
"81","ITA",216815710502.204,237319262204.599,258622253299.026
"82","JAM",103058657.833957,127744303.614771,149815505.349571
"83","JOR",1161016272.21437,1294953704.37823,1390334178.61044
"84","JPN",146514140758.221,184425236930.908,225016278188.748
"85","KAZ",5246791346.2442,5745146834.76985,6404802919.4729
"86","KEN",257039796.598329,293714016.784127,323908374.38826
"87","KGZ",22937063.9820585,32101498.944632,44135188.3069375
"88","KHM",846085357.132149,893569864.218742,945027403.059755
"89","KOR",197461161819.169,226103351108.049,256423220378.172
"90","KWT",5617382106.39047,6308513154.62071,7233259508.42104
"91","LAO",336938430.462323,356393192.574176,378263572.620914
"92","LBN",548069099.994276,647694590.211387,741493252.820038
"93","LBR",3661518.98349939,4165694.22165363,4732883.35910363
"94","LBY",398819913.887464,462227917.715554,529063538.420926
"95","LCA",39131932.2498075,43477327.9823389,49739783.0565823
"96","LKA",2507793258.07663,2670827507.9357,2962235336.24006
"97","LSO",6588871.92799474,7710726.74671602,8862502.82881765
"98","LTU",5721502816.45998,6285535012.15055,6512919348.40267
"99","LUX",6562262304.66482,7726376008.22219,10472153545.3845
"100","LVA",2676750619.42986,3121402160.5203,3328780964.57462
"101","MAR",2920655255.57773,3393314182.14308,3932076962.78462
"102","MDA",403515731.033303,459054212.093008,493717149.299722
"103","MDG",6319371.79406606,8080137.7256925,9290753.35648011
"104","MDV",263649111.227126,291364541.796677,345573512.544394
"105","MEX",33967024080.4569,40222394701.1056,45152062812.5883
"106","MKD",466179938.950935,555700496.024037,644300709.954643
"107","MLI",8601175.67515453,12156361.4049829,14726324.5519369
"108","MLT",1768587254.28016,2006683216.6609,2360502980.29303
"109","MMR",414151992.341805,499079431.425763,596555434.834411
"110","MNE",186797670.911372,219877544.743435,266451727.953397
"111","MNG",335088567.959539,359091296.226369,389305013.417843
"112","MOZ",18441026.1423997,23238037.9773477,29438647.3843682
"113","MRT",46618676.4920978,61130250.3460314,73083059.419262
"114","MUS",485398507.054552,545386849.90873,602962864.504011
"115","MWI",19883236.066864,21286413.0279005,22380871.768218
"116","MYS",18703700578.5728,21342019256.0103,25825037202.5614
"117","NAM",42574569.0861034,56966126.5787662,67126647.0382225
"118","NER",17246536.5369748,22524676.9773477,34103927.2234634
"119","NGA",844569092.67654,920077332.299805,971853129.866549
"120","NIC",41391628.9883601,49957681.480284,58711485.8647328
"121","NLD",78237012848.7599,87473996701.1411,99749270061.248
"122","NOR",44639176318.9901,49348457673.9817,53120225771.8103
"123","NPL",308939245.291233,349867535.969477,461411242.114169
"124","NZL",18982860087.1542,27129599606.3965,34214649489.1856
"125","OMN",927266306.316699,1264832598.4021,2464469303.94188
"126","PAK",2085750141.77133,2424656315.66612,2938499094.39869
"127","PAN",2091589218.34805,2619128310.90565,3261499352.77977
"128","PER",2906588957.71022,4049711633.97674,5512207361.57318
"129","PHL",5559771902.48308,6723861862.57119,8410615582.99161
"130","PNG",15975462.3467113,20523342.1794862,25807998.138652
"131","POL",35814939774.6923,39346974998.6303,42261548684.7787
"132","PRK",0,0,0
"133","PRT",38041776319.9372,40663128171.1863,54505668152.8435
"134","PRY",241704715.571885,296840053.111349,329635723.33844
"135","QAT",7781145480.00735,10624978820.7868,13748908734.2073
"136","ROU",8606912764.38937,10146654263.2428,11464104719.5287
"137","RUS",77602946287.6901,83134483606.5742,89285288221.4171
"138","RWA",52772029.211738,61139864.370485,70335606.973937
"139","SAU",41421095396.7495,46225436605.4324,52317800637.1132
"140","SDN",18983307.3113201,25683069.8845851,32526337.7221118
"141","SEN",69997976.3499742,80179232.1260551,89831184.0698285
"142","SGP",106164602107.701,128564067211.405,134400825560.956
"143","SLB",232045.276891599,3120686.76624832,13192259.8621202
"144","SLE",5606491.05798929,8351303.65072618,10156433.6607537
"145","SLV",596541308.948794,697177814.454551,740498544.390035
"146","SOM",5498395.33433736,6281796.78100822,7069027.20143393
"147","SRB",3239825921.09215,3824090253.04678,4441709742.23847
"148","SSD",0,0,0
"149","STP",5341977.9856142,6336849.81278077,9073611.41338884
"150","SUR",88605093.273785,101281619.71291,107499029.007382
"151","SVK",5612802117.93707,6614321513.89594,7127331339.55142
"152","SVN",3875181399.99518,4311257937.39392,4812101495.19797
"153","SWE",31861793942.266,35893015428.5352,41078853769.7723
"154","SWZ",18897053.8761478,22710162.4497242,26582410.5053722
"155","SYC",66495664.7099209,85229409.1034896,112399001.664873
"156","SYR",6531950.97150239,8410867.52949085,10442424.766387
"157","TCD",1405810.43080815,1911699.99857774,2344581.23918323
"158","TGO",19106467.7026823,20589556.6218028,22598743.6340464
"159","THA",26329071738.7271,32385655842.1733,37780878906.5527
"160","TJK",37668707.6192465,53706832.2735023,67994609.5445986
"161","TKM",691742263.616681,1003548931.85076,1206317162.18661
"162","TLS",50710324.8065361,55208378.4210839,58009653.1306311
"163","TTO",1028703587.20428,1218405441.49729,1471962565.16557
"164","TUN",642803463.02334,741485124.448823,837080712.498613
"165","TUR",34255507077.3898,39821344238.1903,43725981632.216
"166","TZA",31356233.322453,42796401.872266,50766677.5794309
"167","UGA",68020705.8223744,76593306.1788894,83677834.4795366
"168","UKR",2632361941.90796,3112250862.23949,3549623345.62534
"169","URY",7118683522.69602,9601623856.35328,11739574836.3142
"170","USA",1579478624226.02,1728710865415.5,1880911192369.45
"171","UZB",480728551.597684,666021905.877634,827778485.013142
"172","VCT",9074607.56465739,12383726.622702,22405489.1698595
"173","VEN",0,0,0
"174","VNM",10314779115.7218,12622170055.5426,15518288386.2933
"175","VUT",8361.12638049758,73437.5601387735,3638678.77298419
"176","YEM",10540085.2066804,12177717.9535196,13600837.8980907
"177","ZAF",5108364587.98921,6405549990.32224,7788607777.30145
"178","ZMB",30149635.6137557,34888140.0578819,38657907.3492293
"179","ZWE",115022139.724156,131971086.953056,149858072.210468
