"","iso3c","discmonqalys_averted_sum_low","discmonqalys_averted_sum_med","discmonqalys_averted_sum_high"
"1","AFG",17307902.7716024,18642703.1105953,19664051.4663158
"2","AGO",179143641.019518,192175166.963186,209967885.614001
"3","ALB",321376761.122528,391062239.365105,434168259.251997
"4","ARE",8386873178.80859,9260375813.90603,10786908657.5357
"5","ARG",9590259373.19725,11187723695.9459,13113920571.2632
"6","ARM",129397138.619812,146827004.206096,158868531.681929
"7","ATG",56128796.9873216,65034164.8072475,100566603.858297
"8","AUS",62643588280.3761,78220993807.3434,123361794351.854
"9","AUT",20622682733.2456,21863522590.254,23783884364.0649
"10","AZE",1454040297.74462,1615992495.16507,1697173354.71002
"11","BDI",28.2549949840723,94.1164485739831,165.411348233553
"12","BEL",52945823573.0677,81220063488.5361,108353359465.868
"13","BEN",9941794.45263449,11776551.7058167,13843484.1123475
"14","BFA",4238582.87340111,4803416.0960449,6009012.62223077
"15","BGD",1817263245.65555,2118542901.94537,2623531090.44962
"16","BGR",2105339486.58005,2509637042.40398,2737803586.5804
"17","BHR",780699986.035284,876120533.510248,1061032667.61495
"18","BHS",274509571.155205,322811403.589342,354850702.635922
"19","BIH",376756289.96575,449833055.574021,512927706.727144
"20","BLR",1159701606.9862,1344102970.71876,1627064403.84917
"21","BLZ",31829880.6196241,39582201.7304644,43441048.8277287
"22","BOL",264159005.576432,303081284.103495,331560456.233576
"23","BRA",58450964115.3833,66415816040.9646,70905621872.2621
"24","BRB",88237658.4495296,129469383.263941,174176065.625236
"25","BRN",509404135.137565,592639080.561337,758818597.643324
"26","BTN",55267725.8842356,59355441.1313753,63635333.6758832
"27","BWA",98519387.5785737,127727449.8637,149388400.117243
"28","CAF",1581677.52999482,1914582.39110927,2206285.42623063
"29","CAN",152480401182.907,167048108936.472,241400481114.251
"30","CHE",30893629439.2472,39042139578.6924,57879672958.7592
"31","CHL",22039483798.5693,23485866850.2298,26509192793.7017
"32","CIV",138466498.102415,156370807.817422,169733093.302459
"33","CMR",40688169.9094637,48968285.924824,56445517.531524
"34","COD",774076.568047567,889343.520534008,1018426.56642952
"35","COG",24747856.3895103,27775056.6806459,31209348.4388704
"36","COL",4873578870.62329,5841641201.29818,7210251449.08163
"37","COM",7957656.94131575,9304399.32954406,10458106.8658599
"38","CPV",22469657.8400854,25688495.5287383,27874723.5066436
"39","CRI",2122106968.54488,2452348761.78846,2700709429.80665
"40","CUB",0,0,0
"41","CYP",1579949927.23453,2025241703.7401,2456084953.63956
"42","CZE",12713774563.0241,15250251503.3166,17326470618.0217
"43","DEU",327318144022.257,352424784155.219,384543147855.115
"44","DJI",6179696.44028969,7480212.1190995,8469768.85988254
"45","DNK",23863604710.6315,26095417585.5111,28830906647.4197
"46","DOM",979510951.190685,1224399911.86436,1524531150.24041
"47","DZA",289161558.428921,362986309.031499,476704758.533925
"48","ECU",1851330024.68497,2242076819.37134,2867096130.42261
"49","EGY",1672050329.81335,1951187642.11556,2208863258.56414
"50","ERI",0,0,0
"51","ESP",122743486404.488,136307005866.479,156735882061.192
"52","EST",2079994770.88897,2373448670.16243,2606980465.14561
"53","ETH",69322549.924792,83927782.6424899,93871703.9899527
"54","FIN",19234055983.9179,20664120376.1923,22252261057.347
"55","FJI",125400828.038623,144125265.01265,167995065.430911
"56","FRA",217172324199.103,258842797792.42,337822171885.773
"57","FSM",15.5182896422635,2261.82264503365,461217.781225074
"58","GAB",60235828.0546312,70545491.3695807,78491976.723589
"59","GBR",170152386808.206,228204892626.404,356583899272.273
"60","GEO",419632133.366407,451998891.797891,522038600.276596
"61","GHA",122787252.329464,136796632.744151,151492394.771827
"62","GIN",21688596.2416756,24935259.7506658,28934801.4117019
"63","GMB",2654844.13000515,2960141.23229365,3278033.49498034
"64","GNB",1672777.91882921,1975110.85657241,2357374.82717967
"65","GNQ",37960090.112214,73588683.9138541,89056200.7917037
"66","GRC",15870468402.7002,17265737356.3304,18467699662.8601
"67","GRD",2241453.53531257,3106090.34550462,13717774.0537619
"68","GTM",1180226561.8845,1338345704.85147,1582050769.43671
"69","GUY",170213889.434004,191439843.235966,205423137.560312
"70","HND",158325757.535129,203512610.292531,225684570.325042
"71","HRV",3299400860.95588,3847822524.63972,4223786611.66008
"72","HTI",1167811.74929034,1429657.2384348,1727081.86163336
"73","HUN",6903773721.47892,8241413589.36682,10986646026.1054
"74","IDN",10839866808.218,13016040902.6946,14931561272.9531
"75","IND",37505589165.2093,42370875314.6125,44294951342.1829
"76","IRL",35939096842.6284,38193869740.2332,39732198052.9344
"77","IRN",3596820659.6014,4109922185.67577,4964037896.13486
"78","IRQ",453687181.097762,576844239.843555,711642738.736605
"79","ISL",1697396273.61186,2652589907.03207,3335645713.15191
"80","ISR",18324185159.4634,20310760342.7016,22329310084.8887
"81","ITA",155154547921.94,170450763108.829,186264572306.941
"82","JAM",77990353.6371392,95964116.7341015,111918818.141432
"83","JOR",786713048.957618,877313363.283602,945058252.721006
"84","JPN",103386887834.1,129758502395.227,158098979103.92
"85","KAZ",3835188483.1631,4227177414.22348,4703839075.73503
"86","KEN",189721670.92008,217333373.121971,238657149.445114
"87","KGZ",16746678.3464878,23109319.9132389,31520290.5754039
"88","KHM",601418333.747549,634303329.013588,672819615.643046
"89","KOR",136736080582.585,156864220715.239,178555684704.271
"90","KWT",3635842789.82582,4080967098.75836,4684415221.37417
"91","LAO",237305994.951313,250931020.971051,266313856.032305
"92","LBN",395562527.8082,465793333.477651,530727529.832271
"93","LBR",2673166.998184,3046452.09183232,3453129.58183177
"94","LBY",281044470.889267,324164004.467123,370710752.068113
"95","LCA",29523111.8258346,32789643.0967335,37533486.1082357
"96","LKA",1820170913.5902,1940308539.58385,2153286044.3489
"97","LSO",5312165.31069649,6177609.35638311,7071950.61016843
"98","LTU",4428419816.96019,4872201599.65268,5047068953.27036
"99","LUX",4495603988.9532,5286709646.1631,7087101039.28327
"100","LVA",2013160794.54897,2352931641.74844,2518145502.95897
"101","MAR",2104223824.1484,2420601731.47592,2783248540.02504
"102","MDA",300123658.086468,343147440.301056,371004737.289122
"103","MDG",4724435.77666826,6004054.17211597,6910839.29445344
"104","MDV",174087320.519838,192393752.054869,224289321.974845
"105","MEX",24151649445.1372,28684090246.8848,32185720694.8747
"106","MKD",358111937.870043,426868997.132417,493040206.561913
"107","MLI",6294411.9060597,8825702.17967683,10694719.4174367
"108","MLT",1265714393.5097,1439330699.90693,1681059585.36079
"109","MMR",312249868.177933,372160811.197184,444806895.735776
"110","MNE",141731343.98456,167060671.562396,203196167.627879
"111","MNG",240138375.68542,257240183.118592,278673580.134848
"112","MOZ",14052459.1871944,17708108.9991441,22386413.187076
"113","MRT",32820030.9954013,43018931.8678806,51194730.3793196
"114","MUS",353854479.26036,397565192.862025,439259150.733804
"115","MWI",15018438.8658909,16085654.8146193,16893980.450336
"116","MYS",13357658875.6082,15079862414.5762,18008805903.2306
"117","NAM",33385082.3767753,44638298.6681259,52457901.7503036
"118","NER",12925607.8356486,16247585.261289,23629380.8366136
"119","NGA",615140426.271173,670658998.585889,708504492.282046
"120","NIC",29921007.8999302,36181458.5522347,42388901.5551883
"121","NLD",55963783430.6465,62402126927.8734,71176523328.5791
"122","NOR",31118219510.4472,34499326220.0397,37172975685.1746
"123","NPL",226878900.938018,256882745.653796,336150705.443864
"124","NZL",12750595651.9651,18297276300.8988,23068867053.3523
"125","OMN",673256679.820654,915968333.002833,1731354899.29233
"126","PAK",1548835405.37169,1778934874.76353,2158308037.60187
"127","PAN",1447554644.57737,1807825675.63804,2240522424.82314
"128","PER",2064639871.66968,2881617619.01094,3877153481.97443
"129","PHL",4078963492.03329,4862795891.52469,5954708641.65817
"130","PNG",11937682.8023404,15275859.6978122,19149945.9089171
"131","POL",26052053879.6101,28722448138.0111,30837497407.1654
"132","PRK",0,0,0
"133","PRT",27759371809.583,29658502814.3782,39454965807.8325
"134","PRY",184129952.920647,226793614.308461,252114115.502615
"135","QAT",5119537124.24908,6959812233.18259,8876884563.10311
"136","ROU",6642967005.68408,7835965742.20341,8816522784.57191
"137","RUS",60477758400.3297,64919439096.6086,69649579832.7188
"138","RWA",38074746.014402,43826000.1070414,50183015.3338984
"139","SAU",28275402982.8067,31581549294.5016,35695148952.4228
"140","SDN",15581481.5234501,21050848.4098142,26836206.7943354
"141","SEN",52058421.3671908,59596489.2082319,66469257.9443137
"142","SGP",72214964948.0157,86368413401.7185,90102732678.2316
"143","SLB",181632.120828218,2348367.49000962,9609689.75884369
"144","SLE",4197717.91822146,6158569.70189529,7473938.03589759
"145","SLV",424095895.422186,496435292.002615,527153311.576383
"146","SOM",4245561.03605837,4848553.13487802,5479083.58777778
"147","SRB",2503342040.44003,2953565316.18457,3437302622.27044
"148","SSD",0,0,0
"149","STP",3715060.99308719,4425357.95264321,6156655.2543353
"150","SUR",65544768.9577912,75115037.1926194,79659596.0006644
"151","SVK",4190556701.71266,4940948983.96626,5326097858.83527
"152","SVN",2763055969.64135,3079385827.2012,3447103142.16883
"153","SWE",22224544563.6832,25066544617.3981,28755505933.3773
"154","SWZ",14849355.8714399,17871808.2469017,20859472.0738864
"155","SYC",47867187.801982,61266570.0829377,80721962.6777932
"156","SYR",4861708.00185296,6217719.69240124,7782632.9993844
"157","TCD",1069345.34645637,1467026.11842351,1796932.1063463
"158","TGO",14048727.2076975,15175558.5222908,16572992.93882
"159","THA",18609840779.3459,22897757914.991,26690921909.3684
"160","TJK",26670391.2002016,37851363.1251451,47925795.1639353
"161","TKM",487016467.380687,706908890.980471,854227472.568577
"162","TLS",35973734.3411751,39371961.1025813,41359668.6556466
"163","TTO",731378567.971676,866456053.825813,1053229902.30141
"164","TUN",469422153.056481,542340561.944864,608903236.25905
"165","TUR",24057460593.0578,28008422060.9171,30868191485.3443
"166","TZA",23460782.3633448,31742702.2141371,37929209.76866
"167","UGA",49009621.3302594,55921388.254834,60572623.2534935
"168","UKR",2023108967.72682,2397036665.98224,2734637896.74418
"169","URY",4969878164.1286,6701654942.65656,8233446019.39902
"170","USA",1148648093933.36,1256518093318.73,1368229145069.96
"171","UZB",339980919.002716,470743135.189334,583057151.795727
"172","VCT",6601377.64761156,9089704.65425383,16409107.5944506
"173","VEN",0,0,0
"174","VNM",7368517486.88807,8933423095.68898,10890798688.0691
"175","VUT",7053.71721851456,60593.3322729394,2713174.7279295
"176","YEM",7793233.93430481,9074680.87128991,10199717.9031878
"177","ZAF",3937666686.0182,4844305232.93402,5805922975.52808
"178","ZMB",22634126.0787291,26446644.2704853,29331740.4426021
"179","ZWE",85989017.627594,98588623.8977807,111385237.09862
