"","iso3c","discqalys_averted_sum_low","discqalys_averted_sum_med","discqalys_averted_sum_high"
"1","AFG",202079.118115648,217663.132832059,229584.111602841
"2","AGO",265564.05108306,284888.861445689,311273.461579097
"3","ALB",86315.1396931775,105034.111749189,116615.761798157
"4","ARE",284385.343369547,314000.634247707,365776.590330343
"5","ARG",1538421.02444309,1794691.95655322,2103650.66886273
"6","ARM",47570.3888229232,53977.6289425452,58402.5594544506
"7","ATG",4756.95516294577,5511.75958529533,8524.46629239274
"8","AUS",1518613.79223079,1896752.63741715,2991665.49767905
"9","AUT",564831.976870715,598805.129755154,651378.557938947
"10","AZE",463260.389763366,514861.159594501,540723.930431327
"11","BDI",0.549126420911486,1.83036988279506,3.21635478471985
"12","BEL",1506107.4917923,2310793.66007419,3082960.57492568
"13","BEN",21516.3687553753,25486.3174631278,29956.8881361946
"14","BFA",19697.3853994055,22321.889327127,27920.9462747364
"15","BGD",2089573.48516436,2436008.05784095,3016677.98552819
"16","BGR",295309.217550021,352017.51814251,384012.429261884
"17","BHR",42269.9063925811,47437.5964907294,57448.8514215977
"18","BHS",14063.8741584131,16538.4200656046,18179.9391639785
"19","BIH",88945.1344292147,106195.700364702,121086.394223774
"20","BLR",266676.475722146,309082.173689266,374150.15042235
"21","BLZ",14846.4318087067,18462.8892194783,20263.2139411945
"22","BOL",222789.311481891,255610.376746794,279631.50687815
"23","BRA",12630759.7310257,14352251.1287661,15322358.1382487
"24","BRB",6932.45620671453,10172.5674828839,13688.0471924372
"25","BRN",24145.5408725516,28092.9285985649,35971.8278389476
"26","BTN",44194.1001254999,47464.546502944,50888.2766286729
"27","BWA",21733.8223540092,28179.4533668955,32955.6364468736
"28","CAF",13373.8420573747,16188.6547358916,18654.0414500544
"29","CAN",4268356.22595137,4676216.75816731,6758457.58591302
"30","CHE",485827.767039046,614013.686983815,910309.223164918
"31","CHL",1997017.10297192,2128092.54689592,2402204.91837794
"32","CIV",160949.350848312,181753.341784243,197285.301565657
"33","CMR",69448.7411255312,83579.7162770903,96339.1456065463
"34","COD",5775.56148258362,6635.47679343275,7598.5524311645
"35","COG",28076.9857119729,31510.5697163275,35406.0744460133
"36","COL",1349271.18717958,1617338.70227255,1996238.39359497
"37","COM",14343.5886119536,16771.6010790225,18851.584474366
"38","CPV",16155.8718689975,18470.9738736562,20043.2934192897
"39","CRI",284813.312728094,329138.459562088,362477.944411155
"40","CUB",1266720.46904858,1781035.99568327,2118981.58928066
"41","CYP",68829.8340701556,88229.0658072518,106999.536470333
"42","CZE",674456.130664049,809021.169503866,919171.931058694
"43","DEU",9202744.53909571,9908584.90198685,10811533.070093
"44","DJI",5840.31797510216,7069.35199922482,8004.5303979966
"45","DNK",502864.518280668,549907.11593665,607555.425556892
"46","DOM",199183.059425994,248986.77207693,310031.218451721
"47","DZA",198316.620162995,248971.998783256,326980.370568854
"48","ECU",524938.378995946,635728.897930735,812959.875992605
"49","EGY",1247087.58987262,1455293.51699477,1647462.01312868
"50","ERI",0,0,0
"51","ESP",5852902.95189182,6499754.03813108,7474234.23690856
"52","EST",109328.918954629,124753.579856059,137025.801528602
"53","ETH",316758.074490952,383495.089763223,428935.023579992
"54","FIN",532295.411121557,571860.203492353,615872.604630928
"55","FJI",46011.9639813708,52886.6787383694,61649.0425966513
"56","FRA",7298213.62793638,8698957.18872311,11354322.2175239
"57","FSM",0.0126732405308051,1.84631589079509,376.780198972375
"58","GAB",12680.1792346232,14850.7761331473,16522.7752246222
"59","GBR",5331790.51009283,7151521.24032489,11175444.6482584
"60","GEO",142159.449695139,153121.064892035,176845.728151577
"61","GHA",143318.779174159,159674.805077001,176828.250109545
"62","GIN",72524.1530419993,83379.2738428043,96755.2467778653
"63","GMB",14134.9490704388,15760.5322213389,17453.0514255475
"64","GNB",7733.40385394775,9131.05659402646,10898.0704944905
"65","GNQ",9414.83308919816,18255.5592753052,22094.116370386
"66","GRC",1128989.43388496,1228240.94839468,1313747.19612259
"67","GRD",401.203814688178,555.958022677106,2456.32240288737
"68","GTM",413820.404728381,469274.326203041,554766.024926949
"69","GUY",29740.4930514663,33450.181746822,35893.0420494092
"70","HND",165262.078169624,212440.630926707,235588.008252593
"71","HRV",272482.66956584,317763.732065749,348802.160435481
"72","HTI",1816.01659908143,2223.0321928472,2685.4155795668
"73","HUN",540486.781248007,645301.066578404,860239.795625205
"74","IDN",7218050.99510019,8667545.28328833,9943279.35117258
"75","IND",47812714.8028667,54015938.2704028,56469677.4040093
"76","IRL",500305.643823899,531692.186778431,553108.473141136
"77","IRN",2369068.35687292,2707117.92050658,3269731.11502002
"78","IRQ",160522.830900424,204115.957592573,251813.427146626
"79","ISL",35979.8893528057,56229.0073388876,70711.3212603048
"80","ISR",515284.869237035,571151.866125711,627943.326554394
"81","ITA",6185962.2372686,6795289.14821155,7425834.90308745
"82","JAM",26006.6596702182,32001.5547364933,37322.8697649182
"83","JOR",324059.098304787,361375.785020027,389276.342702068
"84","JPN",3792405.57745768,4759827.57258256,5799555.12393575
"85","KAZ",661824.190108664,729476.928447828,811747.835525348
"86","KEN",262690.483834401,300918.130033183,330439.647878393
"87","KGZ",35408.6277766058,48865.6296055275,66656.5468507516
"88","KHM",792313.002960107,835626.109409678,886355.526734111
"89","KOR",5720876.19798042,6563031.20555912,7470632.92930829
"90","KWT",156999.313416766,176225.971278137,202272.655720802
"91","LAO",268259.536469399,283663.028597016,301054.367958794
"92","LBN",168452.875668605,198365.56362998,226022.069093265
"93","LBR",16659.6524611333,18984.6217677179,21519.5042340181
"94","LBY",98098.9291499206,113158.40097364,129408.793457656
"95","LCA",4862.40810210984,5400.61781622732,6181.52856462387
"96","LKA",1299308.08815016,1385069.89586989,1537064.37480427
"97","LSO",14212.632406497,16529.6531284199,18923.154844627
"98","LTU",271813.685728041,299043.32724016,309778.75842893
"99","LUX",49412.9358680205,58107.8196790415,77904.0872680135
"100","LVA",145950.451445456,170583.890907518,182562.482554011
"101","MAR",1586944.26038017,1825675.4759136,2099271.75540805
"102","MDA",98002.9629521726,112047.235680433,121141.700117323
"103","MDG",40115.7828803377,50980.9862084069,58681.5706899325
"104","MDV",29481.9534486164,32583.2340398522,37986.4569284739
"105","MEX",4034897.28178649,4792184.28993222,5377210.62900156
"106","MKD",80926.7841666059,96467.6741662717,111424.221236564
"107","MLI",30375.4748085547,42594.5385152432,51614.8565549554
"108","MLT",48903.7348133329,55613.3187517691,64955.3382763031
"109","MMR",717131.203851333,854782.006481057,1021687.85243731
"110","MNE",25790.6155449105,30398.8613738659,36972.8413517079
"111","MNG",151805.684102379,162616.065374124,176167.591923023
"112","MOZ",114704.008969079,144547.470643455,182736.052822084
"113","MRT",48106.5739275395,63058.8255760444,75046.6741580787
"114","MUS",67221.2648402988,75525.5823375698,83444.8143823509
"115","MWI",101244.122994635,108436.570753403,113887.777838015
"116","MYS",2110909.57388198,2383273.45682883,2846331.94144005
"117","NAM",13031.3810612562,17424.9143255114,20477.7055691092
"118","NER",88389.7651309104,111127.127288757,161641.21676285
"119","NGA",870439.757137039,948970.931121876,1002513.28798243
"120","NIC",40127.8791064396,48522.1138065181,56846.0078093447
"121","NLD",1367305.21570033,1524648.30450577,1739072.31562394
"122","NOR",491302.5846575,544693.35315207,586889.276836931
"123","NPL",516960.389348838,585325.822993965,765981.259998489
"124","NZL",377459.910793695,541729.743190843,683029.376839946
"125","OMN",50985.7585276305,69365.9608843366,131118.436881566
"126","PAK",3038416.29351804,3489959.75518899,4234339.90514011
"127","PAN",160795.311504227,200808.03719803,248858.597095728
"128","PER",520982.918650898,727117.516288823,978295.551559583
"129","PHL",3341974.39961808,3984587.62256832,4879886.85679648
"130","PNG",13067.0401657041,16721.6789933465,20962.3077915457
"131","POL",2053891.05489843,2264338.6054962,2431107.05786016
"132","PRK",0,0,0
"133","PRT",1650590.45363414,1763493.91913457,2346411.17504442
"134","PRY",53070.2502298137,65368.5300598229,72667.2809289335
"135","QAT",104890.584566308,142599.69533527,181897.678708198
"136","ROU",763270.350905043,900288.982585238,1012947.54595401
"137","RUS",8319464.09743344,8930633.84289406,9581140.23508284
"138","RWA",191263.116044005,220160.386114201,252110.724580096
"139","SAU",1463751.41897481,1634889.73963802,1847823.83119261
"140","SDN",91067.4992932098,123049.395740763,156873.265106887
"141","SEN",92973.1719589443,106438.78123509,118712.714055776
"142","SGP",1333398.59967289,1594863.056302,1663854.71785027
"143","SLB",259.502087909314,3355.07347718134,13733.7518628339
"144","SLE",19738.6189818094,28961.78525881,35148.294843429
"145","SLV",260808.620386391,305292.752770958,324180.541487714
"146","SOM",32179.0361678413,36743.4327972247,41526.0592092498
"147","SRB",445360.459226103,525427.153462556,611478.594443422
"148","SSD",7653.69674317944,11206.2929447945,13605.9440434366
"149","STP",4490.20874126759,5348.82675279984,7442.1673492626
"150","SUR",22452.6571787158,25732.2541852663,27288.5557648254
"151","SVK",278122.703654138,327925.537385944,353486.342401686
"152","SVN",139111.266790104,155034.799571327,173544.044003671
"153","SWE",533832.138219059,602100.054782518,690692.907528735
"154","SWZ",10796.0171417167,12993.4599937615,15165.7845774339
"155","SYC",4694.29112103397,6008.5888652561,7916.74251170656
"156","SYR",30494.1975422413,39000.7557580093,48816.9008399911
"157","TCD",6735.51705246385,9240.11844877575,11317.5355847587
"158","TGO",62244.79474498,67236.4788973172,73431.7234206376
"159","THA",4541907.00863385,5588555.60160683,6514366.97065881
"160","TJK",84922.1817483039,120520.328195314,152587.871952413
"161","TKM",119018.419425992,172758.233051103,208758.561528635
"162","TLS",38259.5889174764,41873.6802984487,43988.415719857
"163","TTO",59994.838689442,71077.9667873754,86396.353511697
"164","TUN",344916.976444244,398475.54214979,447387.496315228
"165","TUR",4254165.91798249,4952841.24637672,5458504.01134425
"166","TZA",57725.0171847138,78105.5925868857,93314.1667750646
"167","UGA",231123.805929205,263705.931853358,285655.610952373
"168","UKR",1208829.36904911,1432230.3985053,1633844.34902886
"169","URY",408332.557144235,550648.647758917,676508.997510216
"170","USA",23662502.034841,25885664.2630728,28184780.2949723
"171","UZB",429830.110589635,595170.239240449,737196.6062522
"172","VCT",1340.8554845649,1846.27763657269,3333.14336047426
"173","VEN",396703.866320078,508610.6373405,715998.926945074
"174","VNM",5679527.24813413,6886161.51199067,8395575.55375565
"175","VUT",6.47472971391236,55.5087043213988,2490.73476975731
"176","YEM",62128.5709955592,72343.2271209445,81312.9349559264
"177","ZAF",990972.239956344,1219280.25328537,1461574.51559391
"178","ZMB",57312.4984085014,66965.8389875042,74268.8543674171
"179","ZWE",142361.951120359,163225.279566715,184418.948786998
