"","iso3c","undiscqalys_averted_sum_low","undiscqalys_averted_sum_med","undiscqalys_averted_sum_high"
"1","AFG",262848.136387069,282686.250892505,297944.871677042
"2","AGO",367779.335929078,396569.857960505,432951.999233644
"3","ALB",117170.568979776,142632.283695176,158103.043459288
"4","ARE",438212.853919287,483517.863709375,565877.184269166
"5","ARG",2104532.17655499,2448743.00425766,2872785.64810775
"6","ARM",62511.3640152236,70975.6642953003,77039.8781549171
"7","ATG",6672.16003875572,7742.5928857372,12197.1589771092
"8","AUS",2255517.23554606,2817850.10204518,4473512.13151412
"9","AUT",783911.0008408,834212.014176596,908095.468880617
"10","AZE",628910.427518233,697847.075370783,734658.018812064
"11","BDI",0.727141222064342,2.60804110617959,4.53497022099264
"12","BEL",2086150.91039776,3256235.81598382,4341348.62282551
"13","BEN",28751.4904734661,34128.4787296776,40029.1223071363
"14","BFA",26521.4215892241,29876.4283350792,37230.2388072674
"15","BGD",2889591.41984328,3381315.43886755,4198898.65008494
"16","BGR",365812.03036661,434259.107115512,472650.289102516
"17","BHR",62315.2947922915,70093.058895352,84638.3376529411
"18","BHS",19305.6966353145,22746.9995967239,25034.4469325824
"19","BIH",116394.4580383,138300.4897273,156663.067668656
"20","BLR",347311.010806588,402304.710619321,486158.379660229
"21","BLZ",21375.8662819739,26550.8079118284,29347.0177818951
"22","BOL",303827.503385553,348157.520353715,378771.236489545
"23","BRA",17808560.8171005,20187335.1013017,21554889.7941529
"24","BRB",9092.0920773701,13458.3751969147,18386.5134987022
"25","BRN",34335.6512613664,40427.591139403,52162.5238754893
"26","BTN",62881.3655035461,67659.628432695,73003.4802861188
"27","BWA",27784.3046323297,36208.5966752891,42505.1407581822
"28","CAF",17378.6990050399,21028.2457740536,24179.6772248483
"29","CAN",6075691.06718404,6660661.24041529,9758106.05391297
"30","CHE",702972.285548614,891198.170825232,1326890.21930172
"31","CHL",2857917.08822869,3045041.31039002,3465760.2834485
"32","CIV",221921.669985109,248909.286611571,269913.7905258
"33","CMR",94218.7577041037,112514.223441155,128916.331900036
"34","COD",7947.71233243449,9116.51371157909,10424.0893474563
"35","COG",38540.5669252451,43010.1645933321,48345.4684495998
"36","COL",1909959.532722,2295474.4263633,2827814.47304479
"37","COM",20508.3128271313,23998.4858491018,27048.6466376165
"38","CPV",22956.0833910469,26215.2741077492,28544.4628546477
"39","CRI",414653.758001203,478737.434849819,529163.590919965
"40","CUB",1745038.466157,2453117.58728036,2935373.94492105
"41","CYP",100996.879645439,129051.387098084,156325.254911027
"42","CZE",929507.950210953,1112018.50137017,1260205.86195541
"43","DEU",12855400.8745926,13816341.7590892,15032016.9431643
"44","DJI",7285.03760262565,8878.67954715292,10172.8093181009
"45","DNK",706469.58438157,772156.711843065,851728.498519834
"46","DOM",279680.728022643,350639.625749622,437974.682011608
"47","DZA",273108.664900391,343633.139048056,454624.366552435
"48","ECU",771500.238787195,936408.372110694,1201513.81646298
"49","EGY",1690998.91234425,1970229.35865871,2229037.91588615
"50","ERI",0,0,0
"51","ESP",8247163.4896113,9160391.37160327,10524399.3704603
"52","EST",146783.109977117,167010.938730406,183175.253471225
"53","ETH",424185.68789725,511551.655917781,576612.027343681
"54","FIN",756547.037642951,810284.430451469,883972.861186601
"55","FJI",62645.3888533324,72874.1478935314,85816.2436970618
"56","FRA",10138869.066582,12102337.0627641,15994076.6650917
"57","FSM",0.0152111589970664,2.30746065167417,501.49836177274
"58","GAB",17196.6370618003,20123.8946420759,22346.3383579798
"59","GBR",7533362.39462769,10244445.5045213,16045796.9308968
"60","GEO",183136.623609605,196517.147284587,226661.54328229
"61","GHA",192954.421884191,215738.741875901,239837.009486697
"62","GIN",100532.279297995,115146.017083764,133721.099452526
"63","GMB",19446.757102604,21680.2086101415,24061.5489394903
"64","GNB",10391.3302603321,12195.6798980971,14624.2999336595
"65","GNQ",13100.6508576612,26043.6663500067,31767.3781906846
"66","GRC",1544130.86135454,1676142.25361952,1792233.42383543
"67","GRD",509.115685453286,704.476001164113,3226.08845351852
"68","GTM",569633.755276884,648278.202736348,775658.438755589
"69","GUY",39320.7893345014,44109.4334510949,47311.4942150309
"70","HND",226689.548619396,291105.462759671,323066.153336368
"71","HRV",358672.151039346,418192.781397645,458344.9002783
"72","HTI",2347.48042064557,2880.87882304092,3465.02243645403
"73","HUN",694906.63032377,839542.841763342,1126715.90112307
"74","IDN",9887138.27333678,11946525.8359187,13693687.7701792
"75","IND",65592671.5064055,73964264.3587589,77502937.58488
"76","IRL",710863.565756898,753525.137616424,783707.639709089
"77","IRN",3357508.69808911,3839693.66199991,4662509.19824496
"78","IRQ",215898.899743166,279421.314963858,342686.301296074
"79","ISL",51571.3941329989,80050.5950427786,100333.124228669
"80","ISR",751874.626164092,832113.387053235,916414.613535311
"81","ITA",8651957.53441971,9470144.82455199,10320233.4730092
"82","JAM",34399.9458755689,42639.7667369237,50006.9124095283
"83","JOR",478487.439131669,533686.819582836,572995.793927778
"84","JPN",5378677.9564192,6770431.51844716,8260568.49575045
"85","KAZ",906105.116146301,992169.613095645,1106090.23882709
"86","KEN",356270.018432863,407102.322513866,448953.212852855
"87","KGZ",48544.1475922641,67939.8158334507,93407.9922722553
"88","KHM",1115337.7866283,1177933.43916697,1245766.47396952
"89","KOR",8267038.91732222,9466191.65878806,10735583.2541529
"90","KWT",242655.596835699,272510.574443365,312457.096533748
"91","LAO",381101.256798571,403105.972263564,427842.922901809
"92","LBN",233586.992183493,276047.365528503,316024.345565907
"93","LBR",22839.9749350008,25984.9401404756,29522.97605976
"94","LBY",139312.098978716,161461.198854993,184807.602288695
"95","LCA",6450.71196467157,7167.02967840293,8199.36546028446
"96","LKA",1791577.56281953,1908049.88488114,2116232.80631561
"97","LSO",17650.0914183273,20655.2856799416,23740.6322103793
"98","LTU",351538.340349404,386193.386119245,400164.245655932
"99","LUX",72173.0329434136,84976.1811225105,115174.77475447
"100","LVA",194266.811127429,226537.668309087,241588.311677438
"101","MAR",2204138.86729621,2560841.66850069,2967431.2455474
"102","MDA",131899.292785414,150053.445921879,161383.901098243
"103","MDG",53713.5469426247,68679.7471608488,78969.7667439419
"104","MDV",44669.9101850963,49365.7189004027,58550.3121776428
"105","MEX",5678063.49757611,6723736.25067876,7547799.27405912
"106","MKD",105469.00616598,125722.224713247,145767.223926175
"107","MLI",41553.1438935028,58728.6033631212,71144.3535442106
"108","MLT",68394.498848158,77602.1045149921,91284.960906515
"109","MMR",952177.583819523,1147434.41040073,1371541.66358865
"110","MNE",34023.4796884066,40048.6748095719,48531.7344147429
"111","MNG",211925.040791279,227105.442790741,246213.952780352
"112","MOZ",150689.211816987,189887.569159102,240555.299745992
"113","MRT",68383.2827715563,89669.7956669207,107202.947276399
"114","MUS",92281.0088304045,103685.62733704,114631.628682466
"115","MWI",134176.288922378,143645.224295882,151030.863718993
"116","MYS",2957665.72727022,3374870.04986365,4083781.55534623
"117","NAM",16634.2997175019,22257.2217076331,26227.0362292221
"118","NER",118051.453715559,154179.991788409,233439.228653713
"119","NGA",1196195.21978449,1303140.40174165,1376472.42642372
"120","NIC",55558.2318451464,67056.0815789136,78805.94273212
"121","NLD",1913046.68026216,2138908.84768147,2439063.08537276
"122","NOR",705316.507928164,779725.001857764,839320.418324793
"123","NPL",704596.302174884,797941.264674047,1052338.47732453
"124","NZL",562547.729291417,803972.35111538,1013934.32234523
"125","OMN",70277.5133738219,95861.6626575561,186782.128593806
"126","PAK",4094830.89419195,4760185.50369384,5768982.88693392
"127","PAN",232510.200057458,291153.751512353,362562.524395219
"128","PER",734053.144904623,1022746.45783397,1392096.78699007
"129","PHL",4558927.41407458,5513463.26996544,6896575.36731292
"130","PNG",17504.430279063,22487.5752874923,28278.0112560072
"131","POL",2826272.40658057,3104996.69748502,3334995.10702941
"132","PRK",0,0,0
"133","PRT",2263881.17327272,2419878.85999105,3243653.89591977
"134","PRY",69723.4437854612,85628.0801448703,95088.4957767077
"135","QAT",159478.197678428,217763.885415614,281790.282755966
"136","ROU",990172.62748508,1167310.46160784,1318875.07200791
"137","RUS",10685456.4756048,11447115.7178325,12294044.3222981
"138","RWA",265292.822977975,307359.172228471,353587.535076909
"139","SAU",2145132.77225951,2393941.97629305,2709455.83752037
"140","SDN",111072.418439809,150273.113017477,190313.465116301
"141","SEN",125144.465874945,143346.818035291,160602.865047493
"142","SGP",1961327.1807464,2375143.82838481,2482974.42889711
"143","SLB",332.012891390806,4465.11237059633,18875.6280648088
"144","SLE",26390.4140431861,39310.5703484485,47807.5300106818
"145","SLV",367122.089296828,429055.57756759,455715.922199555
"146","SOM",41721.6635155581,47666.0908562928,53639.5723382625
"147","SRB",577025.010564216,681084.654671503,791084.975971285
"148","SSD",10119.2407754975,14900.2935509771,18013.4137339345
"149","STP",6460.20063059553,7663.32644326849,10972.9673788264
"150","SUR",30372.1684040743,34717.4445226618,36848.6561172965
"151","SVK",372845.246377542,439373.824811627,473451.861204421
"152","SVN",195248.708517338,217220.165322411,242454.869904393
"153","SWE",765927.320330485,862834.063128198,987496.700504112
"154","SWZ",13750.608173631,16525.2503089823,19342.9258108513
"155","SYC",6526.61830811644,8365.3547080309,11032.0783359358
"156","SYR",41012.4745778343,52809.7182963752,65565.3543835294
"157","TCD",8865.02966233054,12055.1653490908,14784.911091572
"158","TGO",84726.6379069813,91303.3186304691,100212.954002259
"159","THA",6431638.46341658,7911134.57566825,9229074.09605533
"160","TJK",120016.852564191,171116.169840806,216638.678219591
"161","TKM",169142.659141851,245384.652406121,294964.907180748
"162","TLS",53964.9817027055,58751.7264520819,61732.7907426715
"163","TTO",84454.9055707679,100029.121885553,120845.752839857
"164","TUN",472702.234040947,545270.35866694,615569.059024056
"165","TUR",6061780.69233047,7046699.2387637,7737655.45529799
"166","TZA",77241.6526432025,105422.89227799,125056.540915326
"167","UGA",321049.237294443,361510.84046093,394948.929348939
"168","UKR",1574773.75856365,1861860.60127031,2123512.57951408
"169","URY",585226.322564812,789348.620737125,965109.375634756
"170","USA",32568954.153111,35646132.8796341,38784513.7317845
"171","UZB",608146.204481892,842551.77441645,1047182.12001232
"172","VCT",1844.74846990438,2517.44888979186,4554.74152122389
"173","VEN",561316.787266987,722706.776946854,1023640.54322408
"174","VNM",7956063.04154549,9735814.94633664,11969667.9214438
"175","VUT",7.68824293872143,67.5274810449947,3345.84661319357
"176","YEM",84104.2692254151,97171.7067965298,108527.446395523
"177","ZAF",1287010.24336711,1613825.38578553,1962275.36588211
"178","ZMB",76423.7166908217,88434.9438185845,97990.6025056438
"179","ZWE",190580.505195069,218663.26328977,248300.259218985
