"","iso3c","undisc_exwelf_total_low","undisc_exwelf_total_med","undisc_exwelf_total_high"
"1","AFG",55323204.224476,59590729.2602098,63084593.0694664
"2","AGO",370252391.016868,404760816.54479,447650470.776732
"3","ALB",509503232.569268,618414064.245297,683541689.160127
"4","ARE",16829421124.536,18619860334.8527,21467714678.5871
"5","ARG",16141557731.882,18748306626.4685,21999306952.4723
"6","ARM",199710227.521385,226895634.412048,247415852.674668
"7","ATG",90626859.7070119,104795197.953015,159572495.811625
"8","AUS",109183743421.223,134735100448.49,204954593336.275
"9","AUT",32733436558.6794,34841332152.0648,37941270006.7898
"10","AZE",2359041226.75469,2608427165.86181,2750265859.81297
"11","BDI",204.010908767295,431.917924467461,823.377391430936
"12","BEL",81572942220.233,124271775057.114,164024905973.966
"13","BEN",20101274.5255097,24104442.3237447,28575710.4992807
"14","BFA",11163256.5324582,12649909.343449,16015704.7094444
"15","BGD",3309920495.24087,3903351070.63388,4871146183.3884
"16","BGR",2998915692.64364,3555252610.37781,3869695688.19766
"17","BHR",1380837735.806,1550534730.06881,1860245382.62882
"18","BHS",431590723.176506,506778776.072772,558627605.31641
"19","BIH",572568991.127569,678313978.354911,767032977.521171
"20","BLR",1788637775.80138,2060650422.96977,2480755307.21417
"21","BLZ",58466746.2166821,71731618.3193346,79000496.0684844
"22","BOL",492150389.002208,561755444.099349,608601749.140566
"23","BRA",98620823201.5497,111000623390.263,118595322287.768
"24","BRB",142800611.378982,206035531.746752,277964992.397152
"25","BRN",848550342.214906,1014373354.98736,1309482944.97257
"26","BTN",109161437.498591,118318587.911345,127467492.346319
"27","BWA",155990956.510716,202403226.949396,237810462.587738
"28","CAF",4862809.6630831,5903650.6977735,7081636.31031521
"29","CAN",244205659578.203,267676373290.724,381455120430.221
"30","CHE",50010722410.4763,62931349739.0922,92827605071.5751
"31","CHL",36720360465.8391,39023389101.3083,43856468085.9669
"32","CIV",280949284.651251,314229054.242979,345372441.872868
"33","CMR",81743995.534761,96464991.1913134,110270747.804187
"34","COD",2318345.85226077,2672916.53109681,3096422.87573285
"35","COG",49691789.0889234,55104927.455261,62010598.7278763
"36","COL",8296027406.99646,9932205477.69428,12307465577.7003
"37","COM",17043907.4239591,19863099.8793167,22431484.5509527
"38","CPV",42936347.5800215,48325530.2089504,52317303.7496849
"39","CRI",3543968742.661,4064936711.75733,4467707364.54248
"40","CYP",2659000750.93049,3368271213.9884,4050057482.49491
"41","CZE",19988011655.2005,23769424474.8904,26883533047.1383
"42","DEU",511936052072.828,549590760351.758,596780630457.916
"43","DJI",9080592.62766335,11074233.3574514,12846620.2475867
"44","DNK",38028417816.7391,41399647254.9501,45484708634.2189
"45","DOM",1792063340.1579,2213583549.70273,2718802730.94498
"46","DZA",636050304.770265,790814510.764016,1044885790.69437
"47","ECU",3445498786.94979,4201167492.40284,5368426126.20433
"48","EGY",3041008945.88349,3520421871.91126,3992230228.85773
"49","ESP",195485377727.167,217242738092.63,247366408978.066
"50","EST",3132470886.99862,3555375217.6068,3896179490.32765
"51","ETH",173884002.14121,204482272.103435,226845663.484467
"52","FIN",30333242473.3157,32595295793.6416,35466930934.896
"53","FJI",200798202.921056,231986401.534034,269839381.690286
"54","FRA",339171737447.969,400989315252.862,521894695025.899
"55","FSM",27.3079780986583,4658.55146657857,974718.925689075
"56","GAB",102285929.495801,118393143.807677,131345284.228641
"57","GBR",268464609022.03,360545410673.607,555362567599.983
"58","GEO",638139842.604308,685493874.692744,789130366.39323
"59","GHA",235293509.304744,261032807.069431,290289635.340896
"60","GIN",56900922.8407276,65539565.1081257,77175786.001339
"61","GMB",6965723.80472789,7771908.20188854,8638929.63861907
"62","GNB",4421241.351125,5232379.1708668,6536134.58723339
"63","GNQ",81296007.270382,144558134.017364,171802438.044134
"64","GRC",24841590756.915,26949922540.6852,28827724353.6618
"65","GRD",3340818.32455073,4659503.97533066,19681815.5565879
"66","GTM",1879672740.97004,2134392469.89961,2527667826.37371
"67","GUY",262520144.071927,293696503.786843,314806860.464819
"68","HND",291037268.312357,368795984.153205,408347608.920965
"69","HRV",4889483334.82958,5703312576.14254,6256315968.13706
"70","HTI",2259960.55362076,2796522.94162935,3417774.13167894
"71","HUN",10639976685.7214,12661483767.5195,16770095671.985
"72","IDN",19535810645.5405,23713052066.3784,27165653079.5025
"73","IND",68792726863.7519,76926508085.7536,80698010030.08
"74","IRL",57622742152.2979,60989971070.6238,63431208572.4945
"75","IRN",6188612202.88104,7094949966.66779,8616282099.17897
"76","IRQ",769438590.547273,985769003.503394,1202676695.46524
"77","ISL",2743966002.33621,4194392099.39189,5188666926.57504
"78","ISR",30674707799.9839,33976193126.8691,37512201533.452
"79","ITA",244774552232.641,268986248842.938,293157903399.955
"80","JAM",125978477.577997,153867293.418564,179316109.050039
"81","JOR",1369060674.87254,1529493288.61955,1650089227.67766
"82","JPN",170535171391.854,213159222446.554,258480755765.233
"83","KAZ",6111736269.84056,6687427671.00033,7436007166.21038
"84","KEN",350539093.397193,399942201.47774,443429952.106062
"85","KGZ",35725349.262844,47532430.1727965,62884263.2296141
"86","KHM",1195635071.99046,1268215734.27254,1349917019.55634
"87","KOR",225017897694.106,256598159989.018,289740209508.009
"88","KWT",6443229236.38359,7229531566.92871,8420382267.23359
"89","LAO",468590533.922085,495618442.193078,526935580.786184
"90","LBN",685292646.354902,805481674.403129,923924598.302147
"91","LBR",7094186.47319296,8136461.90555187,9608145.43471734
"92","LBY",491986419.204519,562512888.732499,638550009.466765
"93","LCA",45307949.1450705,50221300.3432236,57535994.4255259
"94","LKA",3438277236.74735,3676722949.1913,4087939481.1255
"95","LSO",11227727.3102623,13196602.7748604,15204501.5154299
"96","LTU",6441326585.80473,7079009207.60506,7335982993.04679
"97","LUX",7488434604.91823,8756982948.51835,11641747766.3979
"98","LVA",3036275039.32076,3532609171.11909,3767402478.23757
"99","MAR",3780362966.7972,4309631086.73443,4919702826.76647
"100","MDA",462983296.55581,525145753.427745,565261024.265433
"101","MDG",14357547.3068824,17571444.8118135,20114605.9110717
"102","MDV",320086232.440762,351770738.141864,412850977.227033
"103","MEX",39304738462.8986,46237183580.569,51610560895.1009
"104","MKD",546852797.923962,648025935.401583,751022413.817472
"105","MLI",18016137.3249414,23807455.9890996,28700700.3250933
"106","MLT",1999211303.6255,2263475483.09934,2648144405.56718
"107","MMR",582793835.869003,706234936.804376,851911815.590304
"108","MNE",215949573.078566,253883429.871916,308090856.918929
"109","MNG",448417107.328681,482815828.040914,526429785.455864
"110","MOZ",40376472.7632825,51463010.0842009,66186167.2745911
"111","MRT",66110783.1680088,85990789.6721192,102378493.861455
"112","MUS",575598460.151911,649073790.107565,721951440.438703
"113","MWI",35765962.2137533,39029746.1595379,41816852.4400144
"114","MYS",22357101895.1487,25259470140.803,30008482898.6811
"115","NAM",54570646.8891725,71778586.7308073,84283136.9753275
"116","NER",30797011.2295622,38612597.1414195,53089773.7521561
"117","NGA",1189727671.57443,1295430381.33981,1380962015.44711
"118","NIC",56931109.9929145,69347054.7013964,82124289.9732514
"119","NLD",88984212618.4215,98892907149.9518,112141804656.393
"120","NOR",50426283684.5394,55665730945.8257,59989719142.8235
"121","NPL",452344202.624255,511232104.174531,657846285.387554
"122","NZL",21962440471.07,30545171874.8168,37981633653.2157
"123","OMN",1173251301.00799,1738032908.95387,3507146371.68297
"124","PAK",2953893125.9638,3481168965.99239,4216364123.58149
"125","PAN",2467491892.51849,3074890431.95068,3801701805.83671
"126","PER",3619688561.56945,5060660874.53902,6822543396.1957
"127","PHL",6955255271.29918,8277488045.64804,10135130464.8867
"128","PNG",23505899.0913438,29586721.6103043,36994415.0226497
"129","POL",41192851545.8373,45233484336.6722,48555707626.4796
"130","PRT",42566577459.3486,45824344508.2208,60253410207.9125
"131","PRY",283748831.90987,347617003.598474,386334190.063638
"132","QAT",9613705183.48627,13113143190.0526,16867730941.7578
"133","ROU",9922611468.81651,11700954955.9352,13201663386.9969
"134","RUS",88451726688.5267,94787756200.5466,101998185577.965
"135","RWA",96010798.5284149,111626201.867439,130481129.2815
"136","SAU",48450691958.0031,54667441226.2105,62129242388.3358
"137","SDN",34610312.6822882,46417457.8993571,58786541.9536625
"138","SEN",107261885.514371,122052159.982159,139309177.733345
"139","SGP",114791766192.228,138120322712.851,144689551218.24
"140","SLB",496215.948309098,6839003.17713991,24832849.5875876
"141","SLE",11799966.9383607,16117385.4477159,19413447.7776754
"142","SLV",767575931.397145,889439878.506575,947203764.73931
"143","SOM",8708837.52440971,10074708.0416112,11669668.5202699
"144","SRB",3751096746.1724,4431302928.70761,5143138878.99235
"145","SSD",3236229.00821119,4249762.11177634,5169930.81828218
"146","STP",7710882.0652593,9135970.38150559,12380507.9256758
"147","SUR",100278927.685788,114000968.380575,121094375.498133
"148","SVK",6386046834.17442,7517408869.52978,8101496945.54127
"149","SVN",4350594464.32212,4850778834.05363,5425035049.71341
"150","SWE",36267171366.5639,40722042329.7583,46340285629.8434
"151","SWZ",26634171.7275031,31538849.6503574,36868917.2970421
"152","SYC",81193998.0535346,104118595.212383,137339884.708158
"153","SYR",13370348.1292255,16724010.3094203,20621533.4675657
"154","TCD",3075460.66856771,4219118.64251541,5290589.64486394
"155","TGO",39716421.9158538,43075662.5844812,47317595.5690292
"156","THA",30303702877.8845,37067774024.0284,43039376649.4913
"157","TJK",70612032.6989616,97080016.7232575,123826103.570956
"158","TKM",889131055.79894,1246720543.08173,1475054876.02269
"159","TLS",65683875.1224476,71711934.8330556,75732208.8888423
"160","TTO",1199678560.17962,1410021777.20673,1697675970.45683
"161","TUN",946253036.203073,1089839760.29831,1243987875.98918
"162","TUR",39556956613.0605,45833367951.7588,50287749071.2456
"163","TZA",68194774.7731796,89344963.1807379,106975435.935731
"164","UGA",126710224.951605,143645087.80323,158460159.681334
"165","UKR",3209492529.53944,3789603642.3953,4339426243.69219
"166","URY",7760086652.16199,10360056877.8747,12594692948.6554
"167","USA",1807686447645.69,1982469968614.61,2166962914270.73
"168","UZB",977168209.775568,1307003099.8652,1601467121.43019
"169","VCT",10711969.0154919,14467099.2757158,25168997.0446952
"170","VNM",13422043900.0515,16105132928.4108,19365839836.0459
"171","VUT",14009.0772923321,139415.857959604,8714651.94176514
"172","YEM",22676906.4020411,26204323.0582622,29338944.9903711
"173","ZAF",6134001261.40843,7717058755.09918,9406184347.62736
"174","ZMB",44486104.8156576,51583615.5769096,57462636.297513
"175","ZWE",172664400.20142,199466182.476249,228498509.36523
