"","iso3c","undiscqaly_pp_low","undiscqaly_pp_med","undiscqaly_pp_high"
"1","AFG",0.0767542128763864,0.0825461941654036,0.0870006478877703
"2","AGO",0.114824658241057,0.123815706010248,0.135177369892684
"3","ALB",0.118965997222407,0.144820849589345,0.160532828353656
"4","ARE",0.0492759040944796,0.0543722541772715,0.0636348718005032
"5","ARG",0.0692458240165122,0.0805721518002488,0.0945233467341272
"6","ARM",0.115820721776001,0.131503961414655,0.142736646602527
"7","ATG",0.11661124583072,0.135321683695663,0.213199297557556
"8","AUS",0.118974818331758,0.148663884338335,0.236030174622478
"9","AUT",0.136769834515162,0.145548509665335,0.158446853044575
"10","AZE",0.137773317821883,0.152875715535793,0.160939300903291
"11","BDI",0.000610865219450308,0.00219220959416809,0.00381141898984386
"12","BEL",0.238907842234474,0.372961316289226,0.497262263702509
"13","BEN",0.0346465119913089,0.0411243281674176,0.048232030458267
"14","BFA",0.0823145204041889,0.0927230657153677,0.115538292809596
"15","BGD",0.0736794771465847,0.0862152413704473,0.107065414823675
"16","BGR",0.199185894978551,0.236452640415529,0.257352020346055
"17","BHR",0.0549699479526035,0.061832091189606,0.0746623110883722
"18","BHS",0.136293913773693,0.160588851227989,0.176738095838778
"19","BIH",0.150204595984761,0.17847275432572,0.202160386027798
"20","BLR",0.118087614085749,0.13678437342292,0.165294477173411
"21","BLZ",0.110807213000583,0.137635564675447,0.152133062284035
"22","BOL",0.0716588114714611,0.0821139799406538,0.0893333422041705
"23","BRA",0.129621280442535,0.146936491974764,0.156887939956684
"24","BRB",0.0654483993687535,0.0968871636872389,0.132383185824549
"25","BRN",0.095556419307728,0.112512783275756,0.145181486415615
"26","BTN",0.1125059702003,0.121057631049538,0.130622458203975
"27","BWA",0.0388364725350368,0.0506144853548306,0.0594132461828578
"28","CAF",0.0505676384133154,0.0611882177831939,0.0703532500138266
"29","CAN",0.2100493752159,0.230275729503043,0.337394796560097
"30","CHE",0.123193299314196,0.15618713308908,0.232551663493573
"31","CHL",0.176408734470804,0.187959607220048,0.213940215227277
"32","CIV",0.156864807740494,0.175934941903713,0.190781774742301
"33","CMR",0.156937301818095,0.187408240049079,0.214721424002531
"34","COD",0.126704533701727,0.145338038494933,0.16618076394413
"35","COG",0.293274899955293,0.327278762223241,0.367881225078956
"36","COL",0.0747314090336999,0.0898167979172339,0.110646502712522
"37","COM",0.0857230612448233,0.100312439602457,0.11306332219538
"38","CPV",0.0919200900706495,0.104972371129279,0.114301535355164
"39","CRI",0.12653631632466,0.146093188876989,0.161483220087377
"40","CUB",0.186626665445937,0.262380059934726,0.313976688009464
"41","CYP",0.126879169865302,0.16212328678588,0.196387649704836
"42","CZE",0.144087721120445,0.172380371851807,0.195352662166659
"43","DEU",0.222894107899965,0.239556169976243,0.260632587337246
"44","DJI",0.111957015824959,0.136446039459958,0.156337612270472
"45","DNK",0.158717795218779,0.173478117195427,0.191355879787007
"46","DOM",0.0500360026517997,0.0627319446539223,0.0783590000870866
"47","DZA",0.0505876183905416,0.0636584918919257,0.0842174132072584
"48","ECU",0.0665215956317758,0.0807435137791684,0.103595478954756
"49","EGY",0.100691580245704,0.117318288009789,0.132727394492424
"50","ERI",NA,NA,NA
"51","ESP",0.218734620017077,0.24296342362694,0.279143903507466
"52","EST",0.183992397191659,0.209345882604916,0.229605984128092
"53","ETH",0.299743241422271,0.361491746624495,0.407469118196221
"54","FIN",0.185928831798661,0.199135088178612,0.217258525153799
"55","FJI",0.106481143278017,0.123874015981896,0.145881423201463
"56","FRA",0.219263506367226,0.261730803815118,0.345927371092484
"57","FSM",NA,NA,NA
"58","GAB",0.112866730562536,0.132081434107775,0.146664704343226
"59","GBR",0.162155391193195,0.220528549810524,0.345419836936475
"60","GEO",0.176415059415648,0.189302705181364,0.218335610289021
"61","GHA",0.148808623788025,0.166382750277442,0.184968977933754
"62","GIN",0.12665928374193,0.145068894451969,0.168473905166848
"63","GMB",0.0878862497030278,0.0979811903747453,0.108744468061626
"64","GNB",0.517291853150762,0.60711250810952,0.727998745141921
"65","GNQ",0.0681160779777841,0.135435162676888,0.16520961508657
"66","GRC",0.228829767237441,0.248392477410019,0.265594085419282
"67","GRD",0.0146783308235599,0.0203102583363245,0.0930412744003067
"68","GTM",0.135809773328313,0.15456506493114,0.184945478981687
"69","GUY",0.139176755392975,0.156129461175615,0.167462811932093
"70","HND",0.0589570670584159,0.0757103556880441,0.0840249214594935
"71","HRV",0.184578434504876,0.215203201634185,0.235860319783115
"72","HTI",0.0342828658795107,0.0420730500083584,0.050601927779994
"73","HUN",0.117782154672402,0.14230753619162,0.19099406339581
"74","IDN",0.0992448035269617,0.119920107870528,0.137463900039201
"75","IND",0.134577673580832,0.151755711346993,0.159017869347159
"76","IRL",0.187355907990759,0.198599044943525,0.206554306876773
"77","IRN",0.0699717893602523,0.0800214373615802,0.0971716982706314
"78","IRQ",0.0439669225978865,0.0569068097083309,0.0697915337423424
"79","ISL",0.197449528626798,0.306489746678218,0.384156531107908
"80","ISR",0.139135070405703,0.153979599193628,0.169589365136863
"81","ITA",0.195098946580542,0.213536759395457,0.232706605933345
"82","JAM",0.0652154774731002,0.0808380191331468,0.0948087054267842
"83","JOR",0.126700026919328,0.141317680328932,0.151725170398698
"84","JPN",0.0547009491110446,0.0688572180130785,0.0840124830310447
"85","KAZ",0.111386073495769,0.121966754946544,0.135972505825113
"86","KEN",0.11676295868386,0.133420214284128,0.147138972076568
"87","KGZ",0.0531100321993754,0.0743356000423481,0.102207304176574
"88","KHM",0.0835604115679769,0.0882491467026631,0.093330323403063
"89","KOR",0.198734248266996,0.227562932492079,0.258077564953631
"90","KWT",0.0773933030985103,0.0869171432101206,0.0996543276707316
"91","LAO",0.117137318200882,0.123901583778254,0.131505109259289
"92","LBN",0.134130877842177,0.158514109773471,0.181472351698554
"93","LBR",0.0406568367750772,0.0462527132131263,0.0525511612260524
"94","LBY",0.194848443193329,0.225834321706412,0.258492469896665
"95","LCA",0.136597029518417,0.151770055777448,0.173621903931652
"96","LKA",0.130450398864866,0.138929500459191,0.154086947586107
"97","LSO",0.0287793338722087,0.033682581756612,0.0387141769408526
"98","LTU",0.192873018157856,0.211883831642437,0.219547708694659
"99","LUX",0.170231121433273,0.200430181814592,0.271678673458505
"100","LVA",0.157356232046678,0.183497215863758,0.195687217325263
"101","MAR",0.0975278804842305,0.113315328516189,0.131313712527279
"102","MDA",0.13844239039766,0.157491473178575,0.169381050952652
"103","MDG",0.0993980664188767,0.12709079122326,0.146137209803653
"104","MDV",0.122938638289837,0.135863978377063,0.161147313058624
"105","MEX",0.0875157547020818,0.103633683337074,0.116335340969745
"106","MKD",0.131375169968635,0.156606950654055,0.181579989627143
"107","MLI",0.128141532051257,0.181119872752131,0.21941055006978
"108","MLT",0.184287087906905,0.209094315787381,0.245974774993348
"109","MMR",0.0753710779341176,0.090834250329632,0.108572625030606
"110","MNE",0.130127988422358,0.153169270482809,0.185607060621012
"111","MNG",0.0998825289142821,0.107037717920054,0.116044082557381
"112","MOZ",0.0362198167762596,0.045641912857055,0.0578215851628439
"113","MRT",0.100682159117898,0.132025825437374,0.15784610845463
"114","MUS",0.103159093395707,0.115908820147978,0.128143711980362
"115","MWI",0.221089178012328,0.236687554804488,0.248856227270528
"116","MYS",0.117251730206552,0.133797587431117,0.161913104342722
"117","NAM",0.0545138158125233,0.0729432368667862,0.085957759768505
"118","NER",0.207374611831305,0.270877085616072,0.410194517388574
"119","NGA",0.318624300979194,0.347100782594464,0.366634507535233
"120","NIC",0.0224707963130252,0.027120900312309,0.0318731547967769
"121","NLD",0.15804475202554,0.176710358226908,0.201511695496447
"122","NOR",0.183403033454573,0.202753454160859,0.218245620525291
"123","NPL",0.0808215635856513,0.0915300624796296,0.120715539583015
"124","NZL",0.160571109032398,0.229495728033525,0.289444785228693
"125","OMN",0.0251408739400119,0.0342913547766146,0.0668312360643493
"126","PAK",0.0765585486608528,0.0890017579983517,0.107865486156305
"127","PAN",0.096694760312919,0.121080540692968,0.15077225851705
"128","PER",0.0379041800578704,0.0528095493006499,0.0718813190458016
"129","PHL",0.116793471880899,0.141257078768953,0.176712116944494
"130","PNG",0.0853703336621957,0.109676805217123,0.137917951407396
"131","POL",0.136927040366549,0.150428093413417,0.161570406518692
"132","PRK",NA,NA,NA
"133","PRT",0.250152650096473,0.26738540094871,0.358460049780009
"134","PRY",0.0256406820353545,0.0314903092920195,0.0349694005392367
"135","QAT",0.0731060218976726,0.099828171890457,0.129187121237905
"136","ROU",0.140493036055969,0.165616907090539,0.187123591868633
"137","RUS",0.179330297712777,0.192114399158543,0.206325136861648
"138","RWA",0.0647825909943195,0.0750586964825157,0.086349331663374
"139","SAU",0.095801458129076,0.106912645952575,0.121002665478311
"140","SDN",0.0920274711859836,0.124517350095525,0.157702678398117
"141","SEN",0.13753331189247,0.157542080824593,0.176507559558946
"142","SGP",0.392878384437834,0.475803764632206,0.497407804262357
"143","SLB",NA,NA,NA
"144","SLE",0.0731359565213968,0.108951627589872,0.132502647752323
"145","SLV",0.0899389051892166,0.105110816693564,0.111641427634633
"146","SOM",0.0649226072042741,0.0741674812580108,0.0834629500895141
"147","SRB",0.143757075288034,0.16967432398996,0.197076804187653
"148","SSD",0.0590377936091889,0.0869386636321988,0.105103225589092
"149","STP",0.136414260560108,0.16182084944748,0.231728055478351
"150","SUR",0.137263362369405,0.156906158147504,0.166536548481399
"151","SVK",0.143979028969637,0.16966877896074,0.182829084928087
"152","SVN",0.167921163878538,0.186819207652113,0.208518079998835
"153","SWE",0.106908043575946,0.120434649637481,0.137832652965099
"154","SWZ",0.0491477281078748,0.0590667917177515,0.0691349987855841
"155","SYC",0.0839578741986722,0.107616385344005,0.141923997485886
"156","SYR",0.0565627244654755,0.0728350864715553,0.0904273342543621
"157","TCD",0.117223215754672,0.159405673061482,0.195489832653015
"158","TGO",0.113515747422938,0.122328725073795,0.13426719521638
"159","THA",0.149246859614881,0.183581987069619,0.214166270944623
"160","TJK",0.0465850403012407,0.0664181884231701,0.0840837661865957
"161","TKM",NA,NA,NA
"162","TLS",0.111480754535796,0.121370257392595,0.127528677451147
"163","TTO",0.129980667489857,0.153954440098391,0.185987616494741
"164","TUN",0.0902309417253804,0.10408255750473,0.117499068066883
"165","TUR",0.120332459597901,0.139884332825952,0.15359847324932
"166","TZA",0.072176659572578,0.0985128283320901,0.116846707844547
"167","UGA",0.259796059404902,0.292531742208946,0.319597552902416
"168","UKR",0.128480874612901,0.151893570717389,0.173236169952175
"169","URY",0.2201344905776,0.296926587475696,0.363041735596896
"170","USA",0.16118943286539,0.176414846514926,0.191946947826958
"171","UZB",0.0574761464496856,0.0796318664108852,0.098973981621202
"172","VCT",0.0769315706955441,0.104982375885987,0.189956991113672
"173","VEN",0.0527484025052876,0.0679165015632397,0.0961984852271554
"174","VNM",0.143324228732663,0.175394108930795,0.21564953047983
"175","VUT",0.000171189502380582,0.00150329896244693,0.0745197555102157
"176","YEM",0.335465829237172,0.387579927691645,0.43287598549874
"177","ZAF",0.0856978597155102,0.107471667750093,0.130695280521674
"178","ZMB",0.0996110416147238,0.115264202326393,0.127718549761658
"179","ZWE",0.0660559675577848,0.0757919715540553,0.0860664570853993
