"","iso3c","monqaly_pp_low","monqaly_pp_med","monqaly_pp_high"
"1","AFG",6.56702071359774,7.06257736999918,7.44369638309695
"2","AGO",77.3982649175528,83.458735793637,91.1171349959306
"3","ALB",442.518332121496,538.690737798687,597.13465286219
"4","ARE",1452.89088405559,1603.15582009912,1876.26238109662
"5","ARG",431.266481521195,501.807421732739,588.69616683187
"6","ARM",314.731737017176,357.349441153718,387.87318911812
"7","ATG",1375.01658044016,1595.63991833794,2513.93051323191
"8","AUS",4903.34364596471,6126.92772198356,9727.57994690831
"9","AUT",4989.51797182493,5309.77395214305,5780.3200804295
"10","AZE",432.148923624228,479.520105645471,504.812882158421
"11","BDI",0.0313874457324856,0.11264000221375,0.195838137281969
"12","BEL",8391.86159161191,13100.6153504698,17466.8024820532
"13","BEN",15.9925611579421,18.9826708518793,22.2635310899134
"14","BFA",17.6917338647215,19.9288265752186,24.8324684093964
"15","BGD",64.0272602441037,74.9208044086903,93.0395470155166
"16","BGR",1417.99741643947,1683.29807316736,1832.08002758167
"17","BHR",1014.77325767338,1141.45191949853,1378.30431845956
"18","BHS",2658.27409001747,3132.12212156336,3447.09670357952
"19","BIH",635.560619559229,755.171661492996,855.401123725904
"20","BLR",512.976963561954,594.196377701917,718.04532296169
"21","BLZ",237.450334145409,294.941186024641,326.008077413862
"22","BOL",84.8938860144124,97.2800791713922,105.832826621576
"23","BRA",599.378037189862,679.444809144917,725.461013723645
"24","BRB",832.09880313679,1231.80541802462,1683.09525584262
"25","BRN",2014.78180364989,2372.30224891509,3061.11320595883
"26","BTN",140.600331343427,151.287465073298,163.240767327055
"27","BWA",175.881048568844,229.220837421547,269.068310158515
"28","CAF",5.97422030623504,7.22896905318861,8.3117548699201
"29","CAN",7498.31193672617,8220.34937974095,12044.2701999733
"30","CHE",7828.14270694938,9924.68887201669,14777.1641696456
"31","CHL",1945.30639995956,2072.6809698845,2359.17609827435
"32","CIV",134.839960735897,151.232523088384,163.994763299199
"33","CMR",91.8576470438625,109.692722941633,125.679520103141
"34","COD",16.9693074129528,19.4648587699468,22.2562870254172
"35","COG",258.274562145523,288.220297835313,323.977136615885
"36","COL",269.714664337037,324.159651414441,399.33656711487
"37","COM",47.5286005965299,55.6175877003766,62.6872326385277
"38","CPV",127.76942394742,145.912165439287,158.879754332379
"39","CRI",942.203172582736,1087.82577247985,1202.42161858754
"40","CUB",0,0,0
"41","CYP",2910.52177985802,3718.99782851206,4504.99898736621
"42","CZE",2713.68965812273,3246.54195874589,3679.19275068045
"43","DEU",7921.80032330487,8513.9807536733,9263.05021736425
"44","DJI",118.326553147827,144.20882354717,165.232081714724
"45","DNK",7525.60924587832,8225.47037604642,9073.14505089527
"46","DOM",245.878833189687,308.267178386834,385.059127232867
"47","DZA",73.6654745715797,92.6992249274685,122.637038636779
"48","ECU",234.419810742705,284.537360221893,365.066898046167
"49","EGY",134.883818274177,157.156522934052,177.798160631062
"50","ERI",NA,NA,NA
"51","ESP",4583.80802212844,5091.54742042212,5849.74643760496
"52","EST",3497.43081109191,3979.36409967519,4364.47948696586
"53","ETH",65.5321100203535,79.032030209726,89.0839471703502
"54","FIN",6713.40891294761,7190.25265165211,7844.64305547188
"55","FJI",290.031122296683,337.405467039567,397.348784872527
"56","FRA",6519.3767372802,7782.05977863073,10285.4820359925
"57","FSM",NA,NA,NA
"58","GAB",535.577162660689,626.755106372129,695.955892609922
"59","GBR",5171.11418979985,7032.6265737444,11015.3933648277
"60","GEO",520.158397347032,558.157518222973,643.760807653874
"61","GHA",127.369063919675,142.411203166601,158.319625394567
"62","GIN",37.8447453952104,43.3453846658851,50.338608102088
"63","GMB",16.4921906622381,18.3865448626337,20.4063150583407
"64","GNB",111.785666285135,131.195718269475,157.318976289221
"65","GNQ",274.403290893318,545.595921616787,665.541285007027
"66","GRC",3213.95896260509,3488.72106393066,3730.32102227536
"67","GRD",81.9182890498236,113.349510449861,519.254001119442
"68","GTM",387.069986527348,440.524243096004,527.111137168884
"69","GUY",795.994445738474,892.95215685279,957.77105730991
"70","HND",56.4396964097801,72.4776469269719,80.4371942948014
"71","HRV",2232.87351095017,2603.34599591561,2853.23830891003
"72","HTI",22.0234974605322,27.027953651031,32.5069506113484
"73","HUN",1502.13112880142,1814.91483638611,2435.83698091695
"74","IDN",148.917879587879,179.941392892951,206.266038988697
"75","IND",105.490707295731,118.955967213577,124.648517571648
"76","IRL",13448.7018800979,14255.7519416434,14826.7931608166
"77","IRN",106.159620260804,121.406719489365,147.426708432406
"78","IRQ",124.150573273193,160.689278006858,197.072217288724
"79","ISL",9308.09011940769,14448.4223517569,18109.760182158
"80","ISR",4944.00038313724,5471.48317953782,6026.1577743686
"81","ITA",4889.12671529065,5351.17330644289,5831.56446425839
"82","JAM",195.378783521625,242.182292494089,284.03701469771
"83","JOR",307.428745068602,342.897457687139,368.150503714502
"84","JPN",1490.04320812682,1875.65721798746,2288.48368762587
"85","KAZ",644.979788874035,706.24710420429,787.347245013406
"86","KEN",84.2415179428693,96.2593060526092,106.157042404552
"87","KGZ",25.094440155344,35.1235009549897,48.2928548879366
"88","KHM",63.3881874273506,66.9450203334799,70.7995559322475
"89","KOR",4746.83813013562,5435.42149568321,6164.27433387631
"90","KWT",1791.62467979007,2012.0978513333,2306.95868705215
"91","LAO",103.563195972432,109.543604029903,116.266016763677
"92","LBN",314.713541251717,371.924329637734,425.791639934904
"93","LBR",6.51777333752034,7.41485872686703,8.42457467583561
"94","LBY",557.80825861609,646.514017059964,740.007115968412
"95","LCA",828.638099780947,920.682177836936,1053.24197064531
"96","LKA",182.600316936249,194.469093512871,215.686005637352
"97","LSO",10.7434766519161,12.5738848677057,14.4522058053555
"98","LTU",3139.12705940548,3448.53974761217,3573.27406278163
"99","LUX",15478.0979225057,18223.9178983962,24702.1171912769
"100","LVA",2168.16958675359,2528.35923633288,2696.32201789895
"101","MAR",129.232019328729,150.151614618685,174.000871865521
"102","MDA",423.532842273793,481.80915597898,518.182600944977
"103","MDG",11.6941325431945,14.9521676943005,17.1929692649634
"104","MDV",725.603937556223,801.891407403037,951.117781264779
"105","MEX",523.532318483926,619.952175413244,695.935388854733
"106","MKD",580.68688557911,692.2130145069,802.595488061
"107","MLI",26.5242945583388,37.4903965821537,45.4162672015666
"108","MLT",4765.40950353549,5406.89014572629,6360.56787101354
"109","MMR",32.7828365441554,39.5085815778055,47.2239314748749
"110","MNE",714.436188781747,840.938764741695,1019.03059141023
"111","MNG",157.930811069313,169.244349235789,183.484902487896
"112","MOZ",4.43250435774485,5.58556049260058,7.07608295727244
"113","MRT",68.6376671930628,90.005466178456,107.607829974547
"114","MUS",542.617279091548,609.6808971571,674.036481309062
"115","MWI",32.7626315614613,35.0741145403788,36.8773585353189
"116","MYS",741.477048566612,846.109819095996,1023.90685852405
"117","NAM",139.525093143262,186.694175894973,220.004126648049
"118","NER",30.2960591100132,39.5733504931088,59.9267057604762
"119","NGA",224.963477810233,245.069189522375,258.860901842368
"120","NIC",16.7410450831869,20.2054350233153,23.7459284470013
"121","NLD",6463.48540392476,7226.84433670638,8241.13351356926
"122","NOR",11607.4985567333,12832.1783026985,13812.6708023515
"123","NPL",35.4372465202224,40.1325245912199,52.9292696805044
"124","NZL",5418.38272219242,7744.20563628871,9767.15321182351
"125","OMN",331.717560806759,452.45223337898,881.794907602012
"126","PAK",38.9959946696875,45.3340892846789,54.9425504632817
"127","PAN",869.835895764021,1089.20276788967,1356.30019785075
"128","PER",150.087050197954,209.107002571138,284.624416712116
"129","PHL",142.433735916079,172.267962666364,215.506625436311
"130","PNG",77.9134498640531,100.096812299539,125.871165443172
"131","POL",1735.15960203852,1906.24693270158,2047.44396377581
"132","PRK",NA,NA,NA
"133","PRT",4203.51177135885,4493.08724070662,6023.48621224299
"134","PRY",88.8865125121203,109.164949943069,121.225638783178
"135","QAT",3566.93642222758,4870.74433866579,6303.20507209657
"136","ROU",1221.21261664159,1439.59773484824,1626.54105624304
"137","RUS",1302.38324333003,1395.2275630928,1498.43280445991
"138","RWA",12.8865483279513,14.9306704904684,17.1766028262738
"139","SAU",1849.86280925277,2064.41249902492,2336.48145926127
"140","SDN",15.7283490460225,21.2811709302569,26.9528515710861
"141","SEN",76.927520892557,88.1191730739843,98.7272740605657
"142","SGP",21266.0986754317,25754.7633303594,26924.167544898
"143","SLB",NA,NA,NA
"144","SLE",15.5373116004815,23.1461440823324,28.1494223079502
"145","SLV",146.142860348611,170.795890531007,181.407562540399
"146","SOM",8.5559905925583,9.77434978728807,10.9993767432376
"147","SRB",807.15374607967,952.6714838044,1106.52836005989
"148","SSD",0,0,0
"149","STP",112.801756246502,133.810614374393,191.617295158281
"150","SUR",400.440062889386,457.744227969771,485.839081865132
"151","SVK",2167.4563551254,2554.18914724295,2752.30403250402
"152","SVN",3332.80038505283,3707.87763029438,4138.54407186739
"153","SWE",4447.26537985069,5009.95837124951,5733.69753333115
"154","SWZ",67.5422682558719,81.1737438291651,95.0101828429606
"155","SYC",855.394691233877,1096.43658312751,1445.97555818102
"156","SYR",9.00859913541443,11.6002562326357,14.4021281308489
"157","TCD",18.5891785721865,25.2784442303731,31.0006459457576
"158","TGO",25.598619459719,27.5860094590178,30.2782205491023
"159","THA",610.968930534772,751.525965737575,876.728246432129
"160","TJK",14.6212654726944,20.8461334125913,26.3906837776297
"161","TKM",NA,NA,NA
"162","TLS",104.757290632131,114.050352284708,119.837354737237
"163","TTO",1583.2304590286,1875.24316941584,2265.42350584237
"164","TUN",122.700418225456,141.536518311803,159.780941185196
"165","TUR",680.006359618211,790.495235038458,867.994712201556
"166","TZA",29.3001004062823,39.9912628061514,47.43389749904
"167","UGA",55.0429942756284,61.9787037906966,67.7131374325251
"168","UKR",214.766192765703,253.902411443313,289.578295462545
"169","URY",2677.71238310679,3611.81020780128,4416.03380025405
"170","USA",7817.11511106903,8555.49360770071,9308.74536691709
"171","UZB",45.4338519759625,62.9475470184653,78.2371385038101
"172","VCT",378.43848350282,516.424801490722,934.42828474553
"173","VEN",0,0,0
"174","VNM",185.815239722061,227.392805005798,279.582660631666
"175","VUT",0.186172195107114,1.63486933397815,81.0418061227801
"176","YEM",42.0411289064622,48.572153350742,54.2487297387243
"177","ZAF",340.149516364266,426.573498211171,518.752003937078
"178","ZMB",39.2971807422087,45.4724508297608,50.3857690147353
"179","ZWE",39.8671350055923,45.7431610496399,51.9441799270452
