"","iso3c","undiscmonqalys_pgdp_low","undiscmonqalys_pgdp_med","undiscmonqalys_pgdp_high"
"1","AFG",0.157707257441299,0.169610003545808,0.178765081718866
"2","AGO",0.372759088526791,0.401939435822635,0.438814193305593
"3","ALB",2.41703424257423,2.94226713064187,3.26140321092286
"4","ARE",3.11206121762359,3.43380432184973,4.01869644706147
"5","ARG",2.69381467813836,3.13440674433213,3.67718404699607
"6","ARM",1.22393380570709,1.38965956481737,1.50839311774408
"7","ATG",4.91295934509772,5.70115882297745,8.98122134843253
"8","AUS",5.97127876731425,7.4600043921824,11.8432205195567
"9","AUT",5.95211706959971,6.3340450177635,6.89503085854533
"10","AZE",3.59811642598669,3.99251612765729,4.20311855124057
"11","BDI",1.34598857775678e-06,4.82766405303213e-06,8.39454281053414e-06
"12","BEL",12.2437323514223,19.1110238503406,25.4796095129842
"13","BEN",0.0750220593481648,0.0890523835306332,0.104449096026947
"14","BFA",0.0289387172545927,0.0325995161781693,0.0406235898984476
"15","BGD",0.603222625718235,0.705873489036701,0.876549761130714
"16","BGR",3.08489249595002,3.66210662753773,3.98585942785889
"17","BHR",2.81676324970862,3.16833215688346,3.82580488164079
"18","BHS",3.31199998788524,3.90237471415379,4.2947990690871
"19","BIH",2.0804536358651,2.47200563965347,2.80022136990222
"20","BLR",2.16542376407966,2.50829992044624,3.0311129669568
"21","BLZ",1.89240644876495,2.3505442750002,2.59809286650111
"22","BOL",0.890813598584064,1.0207879475178,1.11054649252478
"23","BRA",4.92910269672827,5.58750641949879,5.96602198814503
"24","BRB",2.19127710525622,3.24359115503785,4.43131742753364
"25","BRN",5.1687308884715,6.08578347555169,7.85230623189712
"26","BTN",2.83818492190865,3.05385444005327,3.29505212451586
"27","BWA",0.671051118381652,0.874516012386003,1.02659118593014
"28","CAF",0.081588540163922,0.0987222273897286,0.113517390791917
"29","CAN",10.8041033181933,11.8443270754195,17.3523612097062
"30","CHE",5.49162505567875,6.9620471604502,10.3656768897591
"31","CHL",9.98843724504697,10.6424375160083,12.1128528326401
"32","CIV",0.262055588084655,0.293923840277086,0.318726950428695
"33","CMR",0.122517690894153,0.146308263711683,0.167636802774876
"34","COD",0.0019238240103089,0.00220674418437008,0.00252325606834072
"35","COG",0.22893379960065,0.255483538187165,0.287175635145896
"36","COL",2.16412344586404,2.60093993635266,3.20412003334347
"37","COM",0.877308432088256,1.0266117047383,1.15709205197822
"38","CPV",1.55514269542185,1.77593413225916,1.93372328140516
"39","CRI",4.75295948761858,5.4875172095776,6.06552590307903
"40","CUB",0,0,0
"41","CYP",7.6278577982482,9.74669349099367,11.8065708457762
"42","CZE",6.01635734970712,7.19767989312017,8.15684125993621
"43","DEU",10.5073071456831,11.2927280843803,12.2863550177657
"44","DJI",0.227404032023974,0.277149911668769,0.317546453722276
"45","DNK",8.20251765148763,8.96518293020602,9.88905707738244
"46","DOM",1.45831053398749,1.82830423633161,2.28368646246388
"47","DZA",0.213551812172657,0.268697002319776,0.355484354077628
"48","ECU",2.53059082832004,3.07150447775695,3.94107440435896
"49","EGY",0.533404156395898,0.621483858617547,0.703121734980555
"50","ERI",0,0,0
"51","ESP",11.8274724798007,13.1371564281852,15.0933159112647
"52","EST",7.49944510876211,8.53292567357896,9.35879311253994
"53","ETH",0.0833515923732099,0.100518820692101,0.113303046358986
"54","FIN",9.28443918601449,9.94391114310531,10.8482247149417
"55","FJI",3.96355291197774,4.61072309356314,5.42956518949577
"56","FRA",10.1623730563356,12.1303927763206,16.031154233762
"57","FSM",4.76949907698113e-06,0.000723510381454347,0.157246135816734
"58","GAB",0.41965570628557,0.491090623642703,0.545325715301953
"59","GBR",7.64280888422574,10.3932792575806,16.2789141041981
"60","GEO",2.86412541884227,3.07338721050133,3.5448239395999
"61","GHA",0.207677798755644,0.232200675069214,0.258137759704872
"62","GIN",0.175979899771461,0.201560978095599,0.234076317012882
"63","GMB",0.181180263475105,0.201988737117239,0.22417505157671
"64","GNB",0.121132193416154,0.142165576422608,0.170476106885209
"65","GNQ",0.432023992533881,0.858849597550368,1.04760211590918
"66","GRC",9.93459616286239,10.783928239484,11.5308331314421
"67","GRD",0.253056953221739,0.350161182548719,1.60353361367047
"68","GTM",1.87734614917996,2.13653523203311,2.55634321103203
"69","GUY",2.79663534119564,3.13722085841269,3.364962886196
"70","HND",0.771062103216096,0.990166471018157,1.09887760237112
"71","HRV",6.28765808998119,7.33107718987136,8.03495897823507
"72","HTI",0.00722327957525611,0.00886456516452505,0.0106619955476176
"73","HUN",4.8665480112475,5.87945972689436,7.89058096236135
"74","IDN",1.25036921500201,1.51080805370568,1.73176152232603
"75","IND",1.62334721415419,1.83053502374926,1.91811333381801
"76","IRL",9.60403406953999,10.1804079468012,10.5881848991806
"77","IRN",1.3284971811933,1.51928786052463,1.84485905596657
"78","IRQ",0.290730923348265,0.376270638707598,0.461463698578959
"79","ISL",9.41386986244189,14.6124784255456,18.3148621490636
"80","ISR",5.45569538185364,6.03791776573951,6.64961790296756
"81","ITA",9.94928026680328,10.8901511191945,11.8677067973727
"82","JAM",0.703107980679834,0.871523472609584,1.02210216642427
"83","JOR",2.50780577344174,2.79711185269234,3.00313454994269
"84","JPN",2.91013305389923,3.66314114930041,4.46937957956605
"85","KAZ",2.66183253492644,2.91466112401571,3.24932166457288
"86","KEN",0.234303030516963,0.267733188201093,0.2952566673852
"87","KGZ",0.247991478077557,0.34707572765248,0.477181848209959
"88","KHM",2.29975969753871,2.42882818304635,2.56869583701712
"89","KOR",10.8588816627073,12.4339870717074,14.1013522862124
"90","KWT",3.78379357694075,4.24933022223019,4.87222701784401
"91","LAO",1.78964132517218,1.89297488139191,2.00913894102488
"92","LBN",2.36931732964898,2.80000097966436,3.20549509859735
"93","LBR",0.104226228053416,0.118577726321637,0.134722933995198
"94","LBY",1.13243217440581,1.31247650305996,1.50225340398097
"95","LCA",2.09577135488077,2.3284957663339,2.66389126564231
"96","LKA",2.83016856391829,3.01416076794353,3.34302889624341
"97","LSO",0.273155749163435,0.319664635177506,0.367413971029409
"98","LTU",8.53480230167886,9.37617273116672,9.715363398141
"99","LUX",7.66761798636405,9.02781646017762,12.2360962047307
"100","LVA",7.00993009201115,8.17439277886875,8.71748069614931
"101","MAR",2.05648086604733,2.38928770341431,2.76863933952812
"102","MDA",2.94711936882326,3.35275047724855,3.60591486655406
"103","MDG",0.0434179220292359,0.0555154533064552,0.0638331179063236
"104","MDV",5.01953833519883,5.54720431356261,6.57927305642071
"105","MEX",2.57996339582832,3.05508971806327,3.42952238108025
"106","MKD",3.32978920078672,3.96920878812721,4.60205462915036
"107","MLI",0.0445438355736348,0.0629554591195474,0.0762648042802212
"108","MLT",8.96914760286471,10.176618608364,11.9709669941432
"109","MMR",0.624237206741659,0.752245446059118,0.899167709424535
"110","MNE",3.18689723198022,3.75126271809848,4.54585043875582
"111","MNG",2.19206388054687,2.34908360219447,2.54673402803795
"112","MOZ",0.114058404678994,0.143728094038765,0.182079084463113
"113","MRT",0.505486502325683,0.662835557739324,0.7924399160359
"114","MUS",4.22660886617375,4.74895753039419,5.25030083951157
"115","MWI",0.160631989378344,0.171967926141514,0.180809800983141
"116","MYS",5.00386601350317,5.70970457776805,6.90906194806143
"117","NAM",0.343274472992579,0.459312155108515,0.541235410726118
"118","NER",0.115632140262661,0.151020270187689,0.228655190435286
"119","NGA",0.191584381575954,0.208712878838702,0.220457843511741
"120","NIC",0.292643176655881,0.353206070021169,0.415096389042188
"121","NLD",7.41955796265042,8.2955415233379,9.45965936074502
"122","NOR",8.86809974392295,9.80365412063972,10.55296041302
"123","NPL",0.836670473394187,0.947512630416681,1.24959573201889
"124","NZL",7.48405642836188,10.6959358811549,13.4892406243339
"125","OMN",1.06187126155394,1.44843976080056,2.82221958353345
"126","PAK",0.598464391054476,0.69570675624607,0.843143690092215
"127","PAN",3.10341420477075,3.88615505036958,4.83927882754224
"128","PER",1.2840899465926,1.78910539861312,2.43521535363774
"129","PHL",1.41079809851202,1.7061871775956,2.13420274786827
"130","PNG",0.0611865997420825,0.0786051443177499,0.098845568158419
"131","POL",5.19682223177043,5.70932788696987,6.13223858914037
"132","PRK",0,0,0
"133","PRT",14.8568189458311,15.8805605692451,21.2866201740414
"134","PRY",0.605004432793599,0.743012181364091,0.8251021224597
"135","QAT",4.32930445330122,5.91156767898136,7.64967214197101
"136","ROU",3.00334036959898,3.54062568070221,4.00034361309266
"137","RUS",4.20979533835434,4.50986951250545,4.84353762477919
"138","RWA",0.476743077353793,0.552338189839689,0.63541262705212
"139","SAU",4.7384100088256,5.28800770176404,5.98495012756456
"140","SDN",0.0554588868428065,0.075031944810572,0.095024247016526
"141","SEN",0.254345864635704,0.291340652749254,0.326412153249314
"142","SGP",24.4555787694653,29.6154142735988,30.9599424943232
"143","SLB",0.0152381174188752,0.204931520299104,0.866318881781041
"144","SLE",0.078245964043002,0.116553437508071,0.141746403375069
"145","SLV",2.05398351882336,2.40049049260704,2.54965043170275
"146","SOM",0.0579755044219891,0.0662357496888263,0.0745363679502113
"147","SRB",4.8969643258706,5.7800739929159,6.71359964497147
"148","SSD",0,0,0
"149","STP",1.01867905643592,1.20839438227626,1.73027630176473
"150","SUR",2.85094217678236,3.25881990192312,3.45887018947443
"151","SVK",4.65437352223785,5.4848758739352,5.91028537510898
"152","SVN",6.2981094057348,7.00683951623095,7.82083173920439
"153","SWE",5.00038355180912,5.63304264345243,6.44690707277021
"154","SWZ",0.398867958088865,0.479352823120305,0.56108596974161
"155","SYC",4.47127732706727,5.73096496119269,7.5578928328866
"156","SYR",0.0455086558225407,0.0585992266688039,0.0727532580571369
"157","TCD",0.011933893535722,0.0162283788449,0.0199030980856922
"158","TGO",0.229032722052462,0.246810780115194,0.270895272219509
"159","THA",5.20074265563808,6.39709076873624,7.46280121253926
"160","TJK",0.421453658440773,0.600895076457769,0.760752857158846
"161","TKM",1.38327901150637,2.00679971061887,2.412275929113
"162","TLS",1.3989480785177,1.52303609185912,1.60031498698101
"163","TTO",4.19940768675287,4.97381484836717,6.00889409510849
"164","TUN",1.37315107007099,1.5839539620552,1.78816441140038
"165","TUR",4.17818873563206,4.85706113057519,5.33331483015082
"166","TZA",0.0443789605221146,0.0605704074735869,0.0718508615804697
"167","UGA",0.167828917746463,0.188980274862102,0.206460080504617
"168","UKR",1.31772270652061,1.55794823054949,1.77689063485545
"169","URY",11.7159150096567,15.8023332119031,19.3209686304009
"170","USA",6.66975754702471,7.29992933388299,7.94263463156196
"171","UZB",0.621577681190106,0.861160316984237,1.07031011481118
"172","VCT",1.04039644949717,1.419784284665,2.56877129016093
"173","VEN",0,0,0
"174","VNM",2.81459284145488,3.44421039785596,4.23447394400527
"175","VUT",0.000879753694079886,0.00772706473699479,0.382860029429719
"176","YEM",0,0,0
"177","ZAF",1.21371403440572,1.52191680672538,1.85052229631741
"178","ZMB",0.136445812488689,0.157890485888493,0.17495102245851
"179","ZWE",0.422246566424706,0.484466194655232,0.550129362865669
