"","iso3c","undisc_exwelf_low","undisc_exwelf_med","undisc_exwelf_high"
"1","AFG",4.41164976727503,4.75195590273213,5.03056781028643
"2","AGO",5.71588876123583,6.24862352927141,6.91074617464949
"3","ALB",8.30858103992293,10.0846138759514,11.1466643497313
"4","ARE",4.5089363815274,4.98863062855888,5.75162740454625
"5","ARG",4.92314562448949,5.71819927592106,6.70974843716261
"6","ARM",7.90630568841965,8.98254569780342,9.79491830581116
"7","ATG",9.69065874470102,11.2056679965431,17.0629613223931
"8","AUS",9.42572346626777,11.6315465859035,17.6935252391574
"9","AUT",10.738202473444,11.4296975333677,12.4466320150088
"10","AZE",9.56183212942012,10.5726607907151,11.1475713796593
"11","BDI",0.0734962909910522,0.155601313933271,0.296627198622443
"12","BEL",18.0325894105655,27.4716325528253,36.2594961273999
"13","BEN",1.66149105308109,1.99237691170211,2.36195407757541
"14","BFA",3.6903681075642,4.1818282925693,5.2944985818475
"15","BGD",3.34095563441565,3.93995045237109,4.91681999940891
"16","BGR",13.5165722682235,16.0240679515736,17.441311055813
"17","BHR",5.27717004012168,5.92570380393839,7.10933004358643
"18","BHS",10.3999368466527,12.211725098237,13.4611137452821
"19","BIH",10.2587064782613,12.1533371731169,13.742913600753
"20","BLR",8.25453934124222,9.50987405894986,11.4486524641469
"21","BLZ",4.97200471420583,6.10004776252768,6.71819220829207
"22","BOL",3.35539882142666,3.82995441471145,4.14934466662648
"23","BRA",9.25448363898927,10.4161922374489,11.1288715115447
"24","BRB",6.0054323436054,8.66475594421718,11.6897255523766
"25","BRN",7.37912615363442,8.82114894185192,11.3874679748088
"26","BTN",5.44708291881336,5.90401861644889,6.36054284529342
"27","BWA",2.73857250596154,3.55338491948687,4.17499327551104
"28","CAF",2.71782199882405,3.29954755613629,3.95792315252643
"29","CAN",15.8810016636299,17.4073317419701,24.8065069933915
"30","CHE",9.32972279280651,11.7401233124338,17.3174027707405
"31","CHL",13.6942634602964,14.5531406742078,16.3555591717579
"32","CIV",7.29914022571923,8.16375785673111,8.97287169269145
"33","CMR",8.03891495987685,9.48661556997753,10.8443092163623
"34","COD",5.98592710198908,6.90142218825742,7.99490791807165
"35","COG",14.0829037213034,15.6170144434351,17.5741165209872
"36","COL",5.18848615121349,6.21178162075056,7.69731240913943
"37","COM",4.7819109854863,5.57287558281355,6.29347248414298
"38","CPV",4.78643668639587,5.38720929279229,5.83220222759065
"39","CRI",8.48453492575532,9.73177248623072,10.6960365412401
"40","CYP",13.6855603951286,17.3360910522799,20.8451638311988
"41","CZE",11.7827315876331,14.0118363652886,15.8475720089586
"42","DEU",17.3914479126578,18.6706504518182,20.2737806955925
"43","DJI",4.07590227310246,4.97076509929487,5.76631623241274
"44","DNK",12.2054803277919,13.2874994322113,14.5986277716223
"45","DOM",3.6922836860499,4.56076425711364,5.60169428395961
"46","DZA",3.1633189103878,3.93301988497976,5.196612525943
"47","ECU",4.93970799605859,6.02308749421312,7.69655109509922
"48","EGY",4.36636686075355,5.05472153187617,5.73215734711318
"49","ESP",16.777068411289,18.6443422071322,21.229634739597
"50","EST",14.0143440525448,15.9063733815494,17.4310957188936
"51","ETH",12.7059649684419,14.9418264706359,16.5759530375653
"52","FIN",13.9393339711053,14.9788376351204,16.2984684432122
"53","FJI",7.11016428594506,8.21452285437377,9.55487801546744
"54","FRA",16.1878286635941,19.1382288515152,24.90874377413
"55","FSM",NA,NA,NA
"56","GAB",7.39644006254061,8.56117548430925,9.49776305581096
"57","GBR",12.4937408587991,16.7789748719382,25.8453284682382
"58","GEO",13.1748126110939,14.152467440792,16.2921103006592
"59","GHA",7.09534262193953,7.87151845878357,8.75376642741934
"60","GIN",5.85433086679383,6.74312963399098,7.94033846202093
"61","GMB",3.73467278111514,4.16690854139493,4.6317620801188
"62","GNB",26.4540968355929,31.3074664497628,39.1083687971803
"63","GNQ",4.90212146164396,8.71680608944125,10.3596283135757
"64","GRC",17.8857770183541,19.403761616612,20.7557661979697
"65","GRD",0.966050297652993,1.34736904703994,5.69130731745195
"66","GTM",9.33469106143684,10.5996612474616,12.5527160929916
"67","GUY",9.09365693530135,10.1736011839275,10.9048606539009
"68","HND",2.63295791489198,3.33642598794049,3.69424189269721
"69","HRV",14.9637941820978,17.4544404186095,19.146854191832
"70","HTI",1.80415100776642,2.23249457841164,2.72844613774674
"71","HUN",9.579100846115,11.3990503412738,15.0980065451196
"72","IDN",4.52333393446078,5.49053505112519,6.28995247015013
"73","IND",6.18606569108918,6.91748174697404,7.25662746550155
"74","IRL",14.6144879891917,15.4684967493731,16.0876522219738
"75","IRN",3.01818171832279,3.46020199356532,4.20215457991492
"76","IRQ",3.03664738796412,3.89041166689528,4.74645422093041
"77","ISL",14.0134866676577,21.4208403871307,26.498620878163
"78","ISR",10.0625319740561,11.1455513097343,12.3055036028019
"79","ITA",15.4932479528203,17.0257512932218,18.5557201321632
"80","JAM",4.82851848813265,5.89744443077975,6.87284974714878
"81","JOR",7.99238807345051,8.92897162466784,9.63299414370219
"82","JPN",4.35939524850537,5.4489950309042,6.60755062616286
"83","KAZ",7.16083463438444,7.83534523859442,8.7124207109675
"84","KEN",5.63548031633226,6.42971482083615,7.12885043019821
"85","KGZ",2.75897254438109,3.67080161623078,4.85638235326036
"86","KHM",5.5572351379303,5.89458540158284,6.27432773603723
"87","KOR",15.2580706311589,17.3994730599618,19.6467775526452
"88","KWT",6.3895660822677,7.16931960605806,8.35025217334066
"89","LAO",5.56802836673961,5.88918756448719,6.26131355387075
"90","LBN",11.6177975633654,13.6553676505815,15.663335954329
"91","LBR",1.82136192215974,2.08895578821816,2.46679591853056
"92","LBY",11.8864974482666,13.5904320841759,15.4275052355909
"93","LCA",8.989573358511,9.96443388222398,11.4157460755299
"94","LKA",6.0576456507562,6.47774546629464,7.20223737450002
"95","LSO",1.67141826856835,1.96451537799471,2.26342169658296
"96","LTU",14.4138391363256,15.8407897199082,16.4158232562875
"97","LUX",12.9243661874214,15.1137668010513,20.0926120254428
"98","LVA",11.7704219584472,13.694510549892,14.6047101405134
"99","MAR",4.35562740359986,4.9654351779585,5.66834260044249
"100","MDA",14.3277874269708,16.2515079469657,17.4929416604787
"101","MDG",5.05872151021801,6.19110241709042,7.08715683932452
"102","MDV",9.06519968675238,9.962540284523,11.692400891146
"103","MEX",5.95329989692166,7.0033240522382,7.81720369789262
"104","MKD",10.1468835388039,12.0241566315596,13.9352619150299
"105","MLI",5.83138201816082,7.70588990575659,9.28971314803828
"106","MLT",13.1585472916853,14.8978995536492,17.4297400843403
"107","MMR",3.79102890253305,4.59400373274673,5.54162058096678
"108","MNE",8.85636733077072,10.4120831640802,12.6351988625292
"109","MNG",4.53389529844795,4.88169692233983,5.32267277548767
"110","MOZ",1.87766850062517,2.39323710986297,3.07792318059099
"111","MRT",4.90985956000212,6.38629101807542,7.6033591304894
"112","MUS",7.12947545452696,8.03955530653672,8.94223218145805
"113","MWI",8.952816052245,9.76979553475544,10.467454658199
"114","MYS",7.67717736667469,8.67381798269869,10.304575557174
"115","NAM",3.65374227583969,4.80588872935666,5.64312278233671
"116","NER",8.78652968227771,11.0163524753742,15.1467578922384
"117","NGA",14.8284639708168,16.1459157379926,17.211960333767
"118","NIC",1.07897364739215,1.31428395751253,1.55644154317311
"119","NLD",12.2406923719888,13.6037350736035,15.4262570004962
"120","NOR",14.1294456856077,15.5975389118323,16.8091204901396
"121","NPL",4.09712487966406,4.63050429550076,5.95846783758783
"122","NZL",11.837628120577,16.4636706020664,20.4718803992212
"123","OMN",2.4320619770085,3.60281190314863,7.27005146386399
"124","PAK",3.5023169435061,4.12748753353244,4.9991800245625
"125","PAN",6.57199504964108,8.18975930913506,10.1255714452092
"126","PER",2.75633611812426,3.85361395401988,5.19525988507991
"127","PHL",4.95759411199653,5.90006037112152,7.2241580153612
"128","PNG",3.93078304471556,4.94765093658262,6.18640532553605
"129","POL",11.0932204556236,12.1813614472487,13.0760350125305
"130","PRT",18.779962458386,20.2172577855571,26.5832220778139
"131","PRY",1.86415723163122,2.28375477965634,2.53811678936631
"132","QAT",7.06593297054131,9.6379688211347,12.3975360097703
"133","ROU",9.48565840849266,11.1856905930429,12.620313685213
"134","RUS",11.8022008811631,12.6476235302106,13.6097182132391
"135","RWA",2.74848400344358,3.19550336941546,3.73526001322985
"136","SAU",8.61985713985559,9.72587830076489,11.0534065036496
"137","SDN",3.67681771093825,4.9311467615959,6.24517324082582
"138","SEN",7.16510287201564,8.15309443638962,9.30586465722335
"139","SGP",31.7543939766679,38.2076806472669,40.0249004444913
"140","SLB",NA,NA,NA
"141","SLE",6.14372313218444,8.3916128174527,10.1077273190843
"142","SLV",4.14349785155677,4.80133896196138,5.11315767423816
"143","SOM",2.19099101160024,2.53462011454427,2.93588423995757
"144","SRB",12.9511656816448,15.2996689498375,17.7573782423786
"145","SSD",NA,NA,NA
"146","STP",6.80746781893266,8.06559143823837,10.9299958905862
"147","SUR",8.6321704950402,9.81338570695826,10.4239975378042
"148","SVK",11.3620569473904,13.3749767094304,14.4141864356134
"149","SVN",12.586995737955,14.0341125817869,15.6955316357299
"150","SWE",7.99614967965755,8.9783551752343,10.2170598404024
"151","SWZ",2.27826885213191,2.69781165059781,3.15374199539836
"152","SYC",7.98773813085542,10.2430240294449,13.5112823640896
"153","SYR",3.60058869678059,4.50371837015354,5.55330793154904
"154","TCD",5.67554724672985,7.78608793144048,9.76341261631839
"155","TGO",5.22086864870088,5.66245309775914,6.22007067408155
"156","THA",9.71473498603651,11.8831550921959,13.7975263220771
"157","TJK",2.92606559305941,4.02286247612488,5.13118355799596
"158","TKM",NA,NA,NA
"159","TLS",4.94139182655974,5.39488219886929,5.69732704279424
"160","TTO",10.5546241759758,12.4051978857823,14.9359440399386
"161","TUN",4.57514502286313,5.26938859298635,6.01469662086512
"162","TUR",8.0817645363379,9.36407953010093,10.2741409313088
"163","TZA",5.39201766889501,7.06431866223834,8.4583231284468
"164","UGA",11.5846539942926,13.1329467753354,14.4874347945458
"165","UKR",5.73795006146377,6.77507620057484,7.75805235642165
"166","URY",16.5177161008678,22.0518772493219,26.8084071516821
"167","USA",12.7103053642341,13.9392529657633,15.2364700134932
"168","UZB",4.44292692225876,5.94259944375437,7.28144992615819
"169","VCT",5.68575850093674,7.67892742891952,13.3593402576096
"170","VNM",6.43130334428191,7.71693164125289,9.27933118307797
"171","VUT",0.00987536222680883,0.0982778571909226,6.14318436608232
"172","YEM",NA,NA,NA
"173","ZAF",5.77101297119895,7.26039077549131,8.84955994729972
"174","ZMB",4.82799120015774,5.59827036126533,6.23630914713422
"175","ZWE",3.1370596537162,3.62400884372858,4.15148376751529
