"","iso3c","undiscmonqalys_pp_gdppc_low","undiscmonqalys_pp_gdppc_med","undiscmonqalys_pp_gdppc_high"
"1","AFG",1.79334880429466,1.92869942696521,2.0328052795509
"2","AGO",3.8270953646939,4.12668825273708,4.50527919198146
"3","ALB",7.10733641806796,8.65179398824884,9.59021986809272
"4","ARE",3.46169212193947,3.81958211551694,4.47018514689819
"5","ARG",3.99765145627879,4.65149506673146,5.45698272408177
"6","ARM",6.72491102036861,7.63549211438113,8.2878742733191
"7","ATG",8.41260161831802,9.76225825852304,15.3788036788228
"8","AUS",8.02490953236866,10.0256348248271,15.916318253566
"9","AUT",9.3815590130688,9.98354307059672,10.8677531271615
"10","AZE",7.99581427997041,8.87225806146064,9.34026344720127
"11","BDI",0.0134598857775678,0.0482766405303213,0.0839454281053414
"12","BEL",16.1989026503631,25.2845787554701,33.7104489238651
"13","BEN",1.09696627741398,1.30211650420164,1.5272459466382
"14","BFA",1.88438452118501,2.12276249647912,2.64526113324714
"15","BGD",2.53459146906338,2.96590487039542,3.68304412342982
"16","BGR",11.7375419147147,13.9337529892241,15.1655826457729
"17","BHR",4.39639578667541,4.94512350186036,5.97130499484744
"18","BHS",9.07334394127247,10.6906968897214,11.765757625309
"19","BIH",8.82410852354603,10.4848508320877,11.8769564637258
"20","BLR",6.96277737646193,8.06527305609725,9.74634394519871
"21","BLZ",3.89539124574355,4.83843711140602,5.3479992178225
"22","BOL",2.45403195202222,2.81208800969092,3.0593567287184
"23","BRA",7.72746257416436,8.75965655335995,9.35306372509403
"24","BRB",4.86131658483034,7.19586009390207,9.83081366178841
"25","BRN",6.29565272516983,7.412647349876,9.56431940342906
"26","BTN",3.92127661501638,4.21924868566766,4.5524908336258
"27","BWA",2.20904022501391,2.87882844668882,3.37944630780668
"28","CAF",1.14751814576543,1.38849827552361,1.59658777485115
"29","CAN",14.1045735224455,15.4625679835763,22.6532130675016
"30","CHE",8.3332701907113,10.5645632176786,15.7294034745965
"31","CHL",11.7530152447877,12.5225525573955,14.2527344876181
"32","CIV",4.95606032707734,5.55876062260844,6.02784319821378
"33","CMR",5.42335560331641,6.47646667204791,7.42059360583787
"34","COD",2.748320014727,3.15249169195725,3.60465152620102
"35","COG",9.61905514224648,10.7345889774487,12.0661880194042
"36","COL",4.31117883287918,5.18136671945569,6.38296973869684
"37","COM",3.19021248278234,3.73313347465596,4.20760746498537
"38","CPV",3.55714451749188,4.06217023080235,4.42308811213681
"39","CRI",7.39184990298379,8.53424138347993,9.43316625673255
"40","CUB",NA,NA,NA
"41","CYP",11.9242921205217,15.2365740775198,18.4566890771093
"42","CZE",10.3195962517232,12.3458674624375,13.9910752635124
"43","DEU",15.5214021913155,16.6816266056183,18.1494130752976
"44","DJI",3.45598832863182,4.21200473660744,4.82593394714705
"45","DNK",10.7511799190742,11.7508183201017,12.9617559371726
"46","DOM",2.83167093978154,3.55010531326526,4.43434264556092
"47","DZA",1.97791101455758,2.48866424995355,3.29248631645681
"48","ECU",3.89777614626948,4.73092558171828,6.0702922147953
"49","EGY",3.25246436826767,3.78953572327773,4.28732765232046
"50","ERI",NA,NA,NA
"51","ESP",14.83253206731,16.4749733577574,18.9281431546942
"52","EST",12.4827729419894,14.2029939774757,15.5776444444399
"53","ETH",6.77655222546422,8.1722618448863,9.21162978528344
"54","FIN",12.5532298833749,13.444883424654,14.6675804477568
"55","FJI",6.04200139020996,7.02854130116332,8.27677620349965
"56","FRA",14.3879255240872,17.174255154392,22.6969677162879
"57","FSM",NA,NA,NA
"58","GAB",5.90073997133928,6.90517972012639,7.6677743147182
"59","GBR",11.1801349924288,15.2036073221178,23.8132942969076
"60","GEO",11.1481742376844,11.9626940556217,13.7976900943634
"61","GHA",4.98028294378044,5.56836151245119,6.19035394975713
"62","GIN",3.09052344688606,3.53977317631565,4.11080098936596
"63","GMB",1.95654981652492,2.18125870316519,2.42084677226525
"64","GNB",13.4360108103646,15.7690385008841,18.9092490643622
"65","GNQ",3.18234606523191,6.32640011810473,7.71677621869752
"66","GRC",15.6149400259865,16.9498981079436,18.1238638033626
"67","GRD",0.821613484486164,1.13688695632701,5.20627796646258
"68","GTM",8.06254024815936,9.17566603654944,10.9785933915584
"69","GUY",7.79007231557018,8.73877870201754,9.37315775015187
"70","HND",1.96325000935366,2.52112550387303,2.79792179402314
"71","HRV",13.2788228355933,15.4824059777481,16.96892471511
"72","HTI",1.20387992920935,1.47742752742084,1.77699925793627
"73","HUN",7.97882382363867,9.63951721644342,12.9367993944233
"74","IDN",3.43508026099454,4.15057157611451,4.75758659979679
"75","IND",4.62347496210176,5.21356908476585,5.46300193578843
"76","IRL",12.9416280219991,13.7183033510433,14.2677909512983
"77","IRN",2.48430914213727,2.84109050050769,3.44991339355024
"78","IRQ",2.40598818532456,3.1138851718589,3.81891335792704
"79","ISL",12.4159749730564,19.2724319623044,24.1555145121547
"80","ISR",8.76423777057851,9.69954208113463,10.6822005823394
"81","ITA",13.7235653471236,15.0213579793281,16.3697519204147
"82","JAM",3.95004483527997,4.89619928432351,5.74214700238356
"83","JOR",6.77785344173444,7.55976176403336,8.11657986470998
"84","JPN",3.74534498571329,4.714467373617,5.75209727099877
"85","KAZ",6.14741924925275,6.73131899310788,7.50420707753553
"86","KEN",4.13232858054608,4.72192571783233,5.20734863113227
"87","KGZ",1.77136770055398,2.47911234037486,3.40844177292828
"88","KHM",3.93255048006872,4.15325542380177,4.39242676433683
"89","KOR",13.3894965014887,15.3316733313285,17.3876107104961
"90","KWT",5.57059711230693,6.25597199843355,7.17301649897342
"91","LAO",4.00367186881944,4.23484313555481,4.49471798934744
"92","LBN",9.29144050842739,10.9803959986838,12.5705690141072
"93","LBR",0.940058635195313,1.06950062045182,1.21512079853957
"94","LBY",9.63557469006192,11.1675256673285,12.7822886037776
"95","LCA",7.76418668815868,8.62635887750839,9.86889579115317
"96","LKA",4.41829494155474,4.70553289433757,5.21894273367739
"97","LSO",0.980853970299205,1.14785915192473,1.31931856946555
"98","LTU",12.8030802531005,14.0652223333218,14.5740431796489
"99","LUX",11.3258759030488,13.335031698933,18.0739973481989
"100","LVA",10.3766898124198,12.1004257043695,12.9043502491972
"101","MAR",3.36509646808864,3.90968072922595,4.53042798339507
"102","MDA",12.4874647977434,14.2061953795159,15.2788975689617
"103","MDG",2.22656010406338,2.84694632340796,3.27349322596532
"104","MDV",7.46683736530597,8.25176932130254,9.78702793237796
"105","MEX",5.14482194424979,6.09229287847996,6.83896602293175
"106","MKD",8.64999423358458,10.3110530603805,11.9550348698911
"107","MLI",2.78398972335217,3.93471619497171,4.76655026751382
"108","MLT",11.6406099658972,13.2077264459135,15.5365218484021
"109","MMR",2.69402673188591,3.24647316554684,3.88054704121606
"110","MNE",7.6608106537986,9.01745845696749,10.927525093163
"111","MNG",3.38804309203535,3.63073199720937,3.936219517833
"112","MOZ",0.857581941587464,1.08066230010256,1.36901559526285
"113","MRT",3.4622363172992,4.53996957355701,5.42767065778014
"114","MUS",6.0122411390679,6.75526852281687,7.46841633547469
"115","MWI",4.97710515842196,5.32834372278183,5.60230497455173
"116","MYS",6.42264044008484,7.32860940383918,8.8680273514367
"117","NAM",2.85055266545535,3.81413006509495,4.49442112381457
"118","NER",4.92051660692175,6.42639447607189,9.73000810362919
"119","NGA",10.5264949793479,11.4676105283136,12.1129309382884
"120","NIC",0.78446524065018,0.946811362166414,1.11271580784509
"121","NLD",10.7623046628695,12.0329466616572,13.721536587462
"122","NOR",12.5078980873384,13.827438816135,14.8842883117348
"123","NPL",2.79822900535495,3.16893856026274,4.17924993590112
"124","NZL",10.231651563162,14.6226969458931,18.4414977680819
"125","OMN",1.92215352688418,2.62190313977215,5.10866008200646
"126","PAK",2.47299335146478,2.87482130680194,3.4840648350918
"127","PAN",5.57080411511952,6.97586822710009,8.68677934297027
"128","PER",2.21332194425151,3.08379194918312,4.1974595280393
"129","PHL",3.96291600705625,4.79266061122361,5.9949515389558
"130","PNG",2.67150285466297,3.4320238143849,4.31575244610924
"131","POL",9.64495070421246,10.5961265496761,11.3810202198467
"132","PRK",NA,NA,NA
"133","PRT",16.7836639396489,17.9401790342367,24.0473738499932
"134","PRY",1.58793814381522,1.95016320568003,2.16562236866063
"135","QAT",5.71902833989594,7.80920433154737,10.1052472152853
"136","ROU",8.22789793707709,9.69983523316129,10.9592703161245
"137","RUS",10.3546374428916,11.0927159074196,11.9134238162747
"138","RWA",1.51069546697701,1.75023999144487,2.01348487465342
"139","SAU",7.36922240874899,8.22396221114158,9.30785400865405
"140","SDN",2.01668679434279,2.72843435682778,3.45542716433826
"141","SEN",4.67587064105156,5.35597937354395,6.00073056602249
"142","SGP",29.3678955689104,35.5641713416739,37.1787708057842
"143","SLB",NA,NA,NA
"144","SLE",2.91905299254503,4.34815603220587,5.28800773324353
"145","SLV",3.2202255580045,3.76347753776927,3.99732977840535
"146","SOM",1.3832999779812,1.58039006300341,1.77844345076918
"147","SRB",11.1859344407918,13.2031855748078,15.3355998722787
"148","SSD",NA,NA,NA
"149","STP",4.71610678502739,5.5944184866046,8.01053850589108
"150","SUR",7.62726815612582,8.71848382857778,9.25368836562174
"151","SVK",9.98629965523556,11.7682033440568,12.6809506202709
"152","SVN",11.2115464140697,12.473188601746,13.9222125866658
"153","SWE",7.02485647004852,7.91365615255639,9.0570246047558
"154","SWZ",1.61644107740842,1.94261177953713,2.27384123255599
"155","SYC",6.54173915896842,8.38473553817792,11.0576374238478
"156","SYR",1.75903189719555,2.26501765429783,2.8121090204562
"157","TCD",2.59432468167871,3.52790844454347,4.32676045341136
"158","TGO",2.5116149291518,2.70657238170068,2.97068734915228
"159","THA",8.44055115643125,10.3821656753804,12.1117616416624
"160","TJK",1.56093947570657,2.22553732021396,2.81760317466239
"161","TKM",NA,NA,NA
"162","TLS",3.81493302662302,4.15332118239061,4.36406081868491
"163","TTO",9.05040742729769,10.719380970718,12.9501453073412
"164","TUN",3.10796261889011,3.58508966086006,4.04729550025016
"165","TUR",6.99864109821115,8.13578078823316,8.93352567864459
"166","TZA",2.4792715375483,3.3838216465691,4.01401461343406
"167","UGA",6.21888519021045,7.00264679271337,7.65035939133845
"168","UKR",4.70615252328789,5.56410082339103,6.34603798162661
"169","URY",15.1524588204255,20.4375162386076,24.9882472945203
"170","USA",11.1057178396947,12.1550078635136,13.2251672568312
"171","UZB",2.18574632578598,3.02822648837242,3.76369112291951
"172","VCT",4.81667068200031,6.57310330308784,11.8925101753877
"173","VEN",NA,NA,NA
"174","VNM",4.94242709355286,6.04803598429556,7.43573935083881
"175","VUT",0.0058939750212339,0.051768042412072,2.56499911881328
"176","YEM",NA,NA,NA
"177","ZAF",4.80606981357714,6.02649241603271,7.3277057820603
"178","ZMB",3.27208183396496,3.78634258691131,4.19546816409291
"179","ZWE",2.08978407472434,2.39772166036865,2.72270202523938
